card_key,category,profile_source,x_fraction,y_fraction,width_fraction,height_fraction,left_px,top_px,right_px,bottom_px,artwork_filename
Abra · MEG 054,Pokemon,default_Pokemon,0.075,0.095,0.85,0.38,45,78,555,392,ptcg_349373d1ea50c841_art.png
Abra · TWM 080,Pokemon,default_Pokemon,0.075,0.095,0.85,0.38,45,78,555,392,ptcg_9380ab641d580fb4_art.png
Academy at Night · SFA 054,Trainer,default_Trainer,0.075,0.14,0.85,0.38,45,116,555,429,ptcg_b2e0987be44f99d7_art.png
Aegislash · POR 058,Pokemon,default_Pokemon,0.075,0.095,0.85,0.38,45,78,555,392,ptcg_1a9bbb0967a9f866_art.png
Air Balloon · BLK 079,Trainer,default_Trainer,0.075,0.14,0.85,0.38,45,116,555,429,ptcg_5f2b8aff3e8a83c5_art.png
Alakazam · MEG 056,Pokemon,default_Pokemon,0.075,0.095,0.85,0.38,45,78,555,392,ptcg_41c79d9a9b022934_art.png
Applin · TWM 017,Pokemon,default_Pokemon,0.075,0.095,0.85,0.38,45,78,555,392,ptcg_20e0fce521408193_art.png
Applin · TWM 126,Pokemon,default_Pokemon,0.075,0.095,0.85,0.38,45,78,555,392,ptcg_89eaa82e25327e40_art.png
Archaludon ex · SSP 130,Pokemon,derived_Pokemon_ex,0.075,0.145,0.85,0.335,45,120,555,396,ptcg_e9bfccd619c4fc1a_art.png
Area Zero Underdepths · SCR 131,Trainer,default_Trainer,0.075,0.14,0.85,0.38,45,116,555,429,ptcg_b9013021f766361b_art.png
Avalugg · CRI 024,Pokemon,default_Pokemon,0.075,0.095,0.85,0.38,45,78,555,392,ptcg_3ed7185a5baf7a9f_art.png
AZ's Tranquility · CRI 076,Trainer,default_Trainer,0.075,0.14,0.85,0.38,45,116,555,429,ptcg_c8cddf6dc9252181_art.png
Barbaracle · POR 043,Pokemon,default_Pokemon,0.075,0.095,0.85,0.38,45,78,555,392,ptcg_bc5a9a4c6aeb03d9_art.png
Battle Cage · PFL 085,Trainer,default_Trainer,0.075,0.14,0.85,0.38,45,116,555,429,ptcg_81313ccee941e9a1_art.png
Bayleef · ASC 009,Pokemon,default_Pokemon,0.075,0.095,0.85,0.38,45,78,555,392,ptcg_1b321a9cc2984fd4_art.png
Bayleef · MEG 009,Pokemon,default_Pokemon,0.075,0.095,0.85,0.38,45,78,555,392,ptcg_523201625dfee50d_art.png
Beedrill ex · CRI 003,Pokemon,derived_Pokemon_ex,0.075,0.145,0.85,0.335,45,120,555,396,ptcg_d08a6f39bb20d433_art.png
Beldum · TEF 113,Pokemon,default_Pokemon,0.075,0.095,0.85,0.38,45,78,555,392,ptcg_ccb37fe676b003e7_art.png
Bergmite · CRI 023,Pokemon,default_Pokemon,0.075,0.095,0.85,0.38,45,78,555,392,ptcg_8084ffe62ebdcc3d_art.png
Bianca's Devotion · TEF 142,Trainer,default_Trainer,0.075,0.14,0.85,0.38,45,116,555,429,ptcg_d5b2fb92bd9e54b2_art.png
Binacle · POR 042,Pokemon,default_Pokemon,0.075,0.095,0.85,0.38,45,78,555,392,ptcg_db524f782f19027d_art.png
Binding Mochi · SFA 055,Trainer,default_Trainer,0.075,0.14,0.85,0.38,45,116,555,429,ptcg_8523543e06639c6d_art.png
Black Belt's Training · SVP 219,Trainer,default_Trainer,0.075,0.14,0.85,0.38,45,116,555,429,ptcg_37e9161b9fcde098_art.png
Bloodmoon Ursaluna ex · SVP 177,Pokemon,derived_Pokemon_ex,0.075,0.145,0.85,0.335,45,120,555,396,ptcg_e0487a7ed69300d7_art.png
Bloodmoon Ursaluna · SFA 025,Pokemon,default_Pokemon,0.075,0.095,0.85,0.38,45,78,555,392,ptcg_d781892a46689a29_art.png
Boomerang Energy · TWM 166,Energy,default_Energy,0.04,0.14,0.92,0.455,24,116,576,491,ptcg_fb77ed3555419a65_art.png
Boss's Orders · PAL 172,Trainer,default_Trainer,0.075,0.14,0.85,0.38,45,116,555,429,ptcg_7e9f1d533c87b037_art.png
Bouffalant · SSP 151,Pokemon,default_Pokemon,0.075,0.095,0.85,0.38,45,78,555,392,ptcg_a8866dbd019a462e_art.png
Bouffalant · SVP 136,Pokemon,default_Pokemon,0.075,0.095,0.85,0.38,45,78,555,392,ptcg_c1b04008591dc36b_art.png
Braixen · CRI 012,Pokemon,default_Pokemon,0.075,0.095,0.85,0.38,45,78,555,392,ptcg_74aeb018a74566c6_art.png
Brave Bangle · WHT 080,Trainer,default_Trainer,0.075,0.14,0.85,0.38,45,116,555,429,ptcg_adcedfb851019a92_art.png
Briar · SCR 132,Trainer,default_Trainer,0.075,0.14,0.85,0.38,45,116,555,429,ptcg_03c8e245770567e7_art.png
Brilliant Blender · SSP 164,Trainer,default_Trainer,0.075,0.14,0.85,0.38,45,116,555,429,ptcg_1f056242d281ed2c_art.png
Brock's Scouting · JTG 146,Trainer,default_Trainer,0.075,0.14,0.85,0.38,45,116,555,429,ptcg_26f3a3dc28af7230_art.png
Bronzong · TEF 069,Pokemon,default_Pokemon,0.075,0.095,0.85,0.38,45,78,555,392,ptcg_ebf29a2186c2a2cf_art.png
Bronzor · TEF 068,Pokemon,default_Pokemon,0.075,0.095,0.85,0.38,45,78,555,392,ptcg_7144d0cbddb9f4bc_art.png
Brute Bonnet · TWM 118,Pokemon,default_Pokemon,0.075,0.095,0.85,0.38,45,78,555,392,ptcg_09e60d3f98b37800_art.png
Buddy-Buddy Poffin · TEF 144,Trainer,default_Trainer,0.075,0.14,0.85,0.38,45,116,555,429,ptcg_6896b8449b002ef4_art.png
Budew · PRE 004,Pokemon,default_Pokemon,0.075,0.095,0.85,0.38,45,78,555,392,ptcg_29b896987880f4c7_art.png
Bug Catching Set · TWM 143,Trainer,default_Trainer,0.075,0.14,0.85,0.38,45,116,555,429,ptcg_b18f57d0a08cfd67_art.png
Bulbasaur · MEG 001,Pokemon,default_Pokemon,0.075,0.095,0.85,0.38,45,78,555,392,ptcg_279a2f065ebbe121_art.png
Buneary · PFL 083,Pokemon,default_Pokemon,0.075,0.095,0.85,0.38,45,78,555,392,ptcg_b8b567b96d5b57ce_art.png
Carmine · TWM 145,Trainer,default_Trainer,0.075,0.14,0.85,0.38,45,116,555,429,ptcg_85c23f674f90e7d8_art.png
Carvanha · PFL 060,Pokemon,default_Pokemon,0.075,0.095,0.85,0.38,45,78,555,392,ptcg_dad3c5ebca1c3a70_art.png
Celebi · MEG 012,Pokemon,default_Pokemon,0.075,0.095,0.85,0.38,45,78,555,392,ptcg_503d10668d27c448_art.png
Ceruledge ex · SSP 036,Pokemon,manual,0.075,0.235,0.85,0.24,45,194,555,392,ptcg_e84b0dde8f51654e_art.png
Charcadet · SSP 032,Pokemon,default_Pokemon,0.075,0.095,0.85,0.38,45,78,555,392,ptcg_2c050f0a8a320986_art.png
Charmander · PFL 011,Pokemon,default_Pokemon,0.075,0.095,0.85,0.38,45,78,555,392,ptcg_9dae66be575046ff_art.png
Charmeleon · PFL 012,Pokemon,default_Pokemon,0.075,0.095,0.85,0.38,45,78,555,392,ptcg_3c2a0a1fe69106d8_art.png
Chien-Pao · SVP 152,Pokemon,default_Pokemon,0.075,0.095,0.85,0.38,45,78,555,392,ptcg_77699dd5ee0f21ab_art.png
Chikorita · ASC 008,Pokemon,default_Pokemon,0.075,0.095,0.85,0.38,45,78,555,392,ptcg_d73e51c42768f1d9_art.png
Chikorita · MEG 008,Pokemon,default_Pokemon,0.075,0.095,0.85,0.38,45,78,555,392,ptcg_37112aa0ba1684aa_art.png
Ciphermaniac's Codebreaking · TEF 145,Trainer,default_Trainer,0.075,0.14,0.85,0.38,45,116,555,429,ptcg_2247ae86ad0502a7_art.png
Colress's Tenacity · SFA 057,Trainer,default_Trainer,0.075,0.14,0.85,0.38,45,116,555,429,ptcg_a4d73c81f51f5fd4_art.png
Community Center · TWM 146,Trainer,default_Trainer,0.075,0.14,0.85,0.38,45,116,555,429,ptcg_d878f28afd1a51fc_art.png
Cornerstone Mask Ogerpon ex · TWM 112,Pokemon,manual,0.075,0.235,0.85,0.24,45,194,555,392,ptcg_3c31fca51ddc46c7_art.png
Counter Gain · SSP 169,Trainer,default_Trainer,0.075,0.14,0.85,0.38,45,116,555,429,ptcg_d2b8e1b10349103c_art.png
Crispin · SCR 133,Trainer,default_Trainer,0.075,0.14,0.85,0.38,45,116,555,429,ptcg_3cf95d5d7bde7b5a_art.png
Crushing Hammer · SUM 115,Trainer,default_Trainer,0.075,0.14,0.85,0.38,45,116,555,429,ptcg_fc6083c9ebd636e7_art.png
Crustle · DRI 012,Pokemon,default_Pokemon,0.075,0.095,0.85,0.38,45,78,555,392,ptcg_888836cce69c4e63_art.png
Cynthia's Gabite · ASC 110,Pokemon,default_Pokemon,0.075,0.095,0.85,0.38,45,78,555,392,ptcg_f369e7a7ccb8322a_art.png
Cynthia's Garchomp ex · ASC 111,Pokemon,derived_Pokemon_ex,0.075,0.145,0.85,0.335,45,120,555,396,ptcg_ac7f7d8a6afe3740_art.png
Cynthia's Gible · DRI 102,Pokemon,default_Pokemon,0.075,0.095,0.85,0.38,45,78,555,392,ptcg_447ccc4fdebbf306_art.png
Cynthia's Power Weight · DRI 162,Trainer,default_Trainer,0.075,0.14,0.85,0.38,45,116,555,429,ptcg_99fd38f4e487c124_art.png
Cynthia's Roselia · DRI 007,Pokemon,default_Pokemon,0.075,0.095,0.85,0.38,45,78,555,392,ptcg_994545cfc5ea247d_art.png
Cynthia's Roserade · DRI 008,Pokemon,default_Pokemon,0.075,0.095,0.85,0.38,45,78,555,392,ptcg_2c036f22e31baa50_art.png
Cynthia's Spiritomb · DRI 129,Pokemon,default_Pokemon,0.075,0.095,0.85,0.38,45,78,555,392,ptcg_3bc140992b235ac9_art.png
Cyrano · SSP 170,Trainer,default_Trainer,0.075,0.14,0.85,0.38,45,116,555,429,ptcg_33eadcfa09d60e2b_art.png
Darkness Energy · DP 129,Energy,manual,0.04,0.155,0.92,0.69,29,159,707,865,ptcg_6c275de8ec25266b_art.png
Dartrix · POR 011,Pokemon,default_Pokemon,0.075,0.095,0.85,0.38,45,78,555,392,ptcg_eb714867b5ed0d26_art.png
Dawn · PFL 087,Trainer,default_Trainer,0.075,0.14,0.85,0.38,45,116,555,429,ptcg_1d9b0ef4c060cc5e_art.png
Decidueye ex · POR 012,Pokemon,derived_Pokemon_ex,0.075,0.145,0.85,0.335,45,120,555,396,ptcg_30a4e3cb3a525587_art.png
Dedenne · SSP 087,Pokemon,default_Pokemon,0.075,0.095,0.85,0.38,45,78,555,392,ptcg_756942b10adde79f_art.png
Deino · SSP 117,Pokemon,default_Pokemon,0.075,0.095,0.85,0.38,45,78,555,392,ptcg_479a7b9f6a2c9776_art.png
Delphox · CRI 013,Pokemon,default_Pokemon,0.075,0.095,0.85,0.38,45,78,555,392,ptcg_c27af3d52d03f8fa_art.png
Deluxe Bomb · SCR 134,Trainer,default_Trainer,0.075,0.14,0.85,0.38,45,116,555,429,ptcg_a43281a8e21400fb_art.png
Deoxys · CRI 033,Pokemon,default_Pokemon,0.075,0.095,0.85,0.38,45,78,555,392,ptcg_076cefedefb3e34d_art.png
Dialga · MEG 095,Pokemon,default_Pokemon,0.075,0.095,0.85,0.38,45,78,555,392,ptcg_bf13c3ad8b4b4653_art.png
Dipplin · TWM 018,Pokemon,default_Pokemon,0.075,0.095,0.85,0.38,45,78,555,392,ptcg_463e820f9875ff66_art.png
Doublade · POR 057,Pokemon,default_Pokemon,0.075,0.095,0.85,0.38,45,78,555,392,ptcg_30ee8dbd18114f60_art.png
Dragapult ex · ASC 160,Pokemon,manual,0.075,0.235,0.85,0.24,45,194,555,392,ptcg_3cf3ddb566e4a69e_art.png
Dragonair · ASC 151,Pokemon,default_Pokemon,0.075,0.095,0.85,0.38,45,78,555,392,ptcg_b788110bc6fe7710_art.png
Drakloak · ASC 159,Pokemon,default_Pokemon,0.075,0.095,0.85,0.38,45,78,555,392,ptcg_675ac9030839b855_art.png
Dratini · ASC 150,Pokemon,default_Pokemon,0.075,0.095,0.85,0.38,45,78,555,392,ptcg_760f5a5ed53ad91f_art.png
Drayton · SSP 174,Trainer,default_Trainer,0.075,0.14,0.85,0.38,45,116,555,429,ptcg_b4e521d0191872b8_art.png
Dreepy · TWM 128,Pokemon,default_Pokemon,0.075,0.095,0.85,0.38,45,78,555,392,ptcg_1cd95227221dbb5e_art.png
Drilbur · TEF 085,Pokemon,default_Pokemon,0.075,0.095,0.85,0.38,45,78,555,392,ptcg_d796c9bee12445a8_art.png
Dudunsparce ex · JTG 121,Pokemon,derived_Pokemon_ex,0.075,0.145,0.85,0.335,45,120,555,396,ptcg_336976b53b7422ed_art.png
Dudunsparce · TEF 129,Pokemon,default_Pokemon,0.075,0.095,0.85,0.38,45,78,555,392,ptcg_d34060b08d91fa59_art.png
Dunsparce · JTG 120,Pokemon,default_Pokemon,0.075,0.095,0.85,0.38,45,78,555,392,ptcg_f612fb6ef8b233e9_art.png
Dunsparce · TEF 128,Pokemon,default_Pokemon,0.075,0.095,0.85,0.38,45,78,555,392,ptcg_23a980a1aff62ca9_art.png
Duraludon · SCR 106,Pokemon,default_Pokemon,0.075,0.095,0.85,0.38,45,78,555,392,ptcg_28ab6e423928a69b_art.png
Dusclops · SFA 019,Pokemon,default_Pokemon,0.075,0.095,0.85,0.38,45,78,555,392,ptcg_60946ebf0cdebc27_art.png
Dusk Ball · SSP 175,Trainer,default_Trainer,0.075,0.14,0.85,0.38,45,116,555,429,ptcg_125dbbc0977ca40e_art.png
Dusknoir · SFA 020,Pokemon,default_Pokemon,0.075,0.095,0.85,0.38,45,78,555,392,ptcg_28c6aa53182d81cc_art.png
Duskull · SFA 018,Pokemon,default_Pokemon,0.075,0.095,0.85,0.38,45,78,555,392,ptcg_8caef9120cdc72d1_art.png
Dwebble · DRI 011,Pokemon,default_Pokemon,0.075,0.095,0.85,0.38,45,78,555,392,ptcg_cb2279218b928826_art.png
Eelektrik · ASC 060,Pokemon,default_Pokemon,0.075,0.095,0.85,0.38,45,78,555,392,ptcg_b8e916f3bf1e8738_art.png
Eevee ex · SVP 174,Pokemon,manual,0.075,0.235,0.85,0.24,45,194,555,392,ptcg_4a3c65e1a667bb7a_art.png
Eevee · SVP 173,Pokemon,default_Pokemon,0.075,0.095,0.85,0.38,45,78,555,392,ptcg_82301d26c71e9a19_art.png
Eevee · TWM 135,Pokemon,default_Pokemon,0.075,0.095,0.85,0.38,45,78,555,392,ptcg_ee8ad6656fccba0c_art.png
Electrike · MEG 049,Pokemon,default_Pokemon,0.075,0.095,0.85,0.38,45,78,555,392,ptcg_685e8dd7079c8c37_art.png
Elgyem · BLK 040,Pokemon,default_Pokemon,0.075,0.095,0.85,0.38,45,78,555,392,ptcg_1b56a1dda7421f3c_art.png
Empoleon ex · PFL 070,Pokemon,derived_Pokemon_ex,0.075,0.145,0.85,0.335,45,120,555,396,ptcg_e48bf52dcb48c2e3_art.png
Energy Recycler · DRI 164,Trainer,default_Trainer,0.075,0.14,0.85,0.38,45,116,555,429,ptcg_664ba5c5c2e200b1_art.png
Energy Retrieval · SVI 171,Trainer,default_Trainer,0.075,0.14,0.85,0.38,45,116,555,429,ptcg_6c3eb2f159f43d9d_art.png
Energy Search · SVI 172,Trainer,default_Trainer,0.075,0.14,0.85,0.38,45,116,555,429,ptcg_cb052dff7a247aee_art.png
Energy Switch · SVI 173,Trainer,default_Trainer,0.075,0.14,0.85,0.38,45,116,555,429,ptcg_6671975ace7a515e_art.png
Enhanced Hammer · GRI 124,Trainer,default_Trainer,0.075,0.14,0.85,0.38,45,116,555,429,ptcg_099065ff19eb49ca_art.png
Enriching Energy · SSP 191,Energy,default_Energy,0.04,0.14,0.92,0.455,24,116,576,491,ptcg_6ff75e440029b8b2_art.png
Eri · TEF 146,Trainer,default_Trainer,0.075,0.14,0.85,0.38,45,116,555,429,ptcg_7a43310002754c33_art.png
Espeon ex · PRE 034,Pokemon,manual,0.075,0.235,0.85,0.24,45,194,555,392,ptcg_ef4d1af627216dbf_art.png
Ethan's Adventure · DRI 165,Trainer,default_Trainer,0.075,0.14,0.85,0.38,45,116,555,429,ptcg_be10e9c00df21b54_art.png
Ethan's Cyndaquil · DRI 032,Pokemon,default_Pokemon,0.075,0.095,0.85,0.38,45,78,555,392,ptcg_4c8942200f593cbb_art.png
Ethan's Quilava · DRI 033,Pokemon,default_Pokemon,0.075,0.095,0.85,0.38,45,78,555,392,ptcg_5c1ff510e1f50b80_art.png
Ethan's Typhlosion · DRI 034,Pokemon,default_Pokemon,0.075,0.095,0.85,0.38,45,78,555,392,ptcg_e6243df4c52f69b6_art.png
Explorer's Guidance · TEF 147,Trainer,default_Trainer,0.075,0.14,0.85,0.38,45,116,555,429,ptcg_ec629ac5b5397c13_art.png
Fan Rotom · SCR 118,Pokemon,default_Pokemon,0.075,0.095,0.85,0.38,45,78,555,392,ptcg_a862b3ba6370dedf_art.png
Fennekin · CRI 011,Pokemon,default_Pokemon,0.075,0.095,0.85,0.38,45,78,555,392,ptcg_3f1d07b933647f0b_art.png
Festival Grounds · TWM 149,Trainer,default_Trainer,0.075,0.14,0.85,0.38,45,116,555,429,ptcg_62e251b064fac4ff_art.png
Fezandipiti ex · SFA 038,Pokemon,derived_Pokemon_ex,0.075,0.145,0.85,0.335,45,120,555,396,ptcg_15f60533d2ca535b_art.png
Fezandipiti · TWM 096,Pokemon,default_Pokemon,0.075,0.095,0.85,0.38,45,78,555,392,ptcg_3cc446611787bdf9_art.png
Fighting Energy · BS 97,Energy,manual,0.04,0.155,0.92,0.69,29,159,707,865,ptcg_b8b66d5e19a62388_art.png
Fighting Gong · MEG 116,Trainer,default_Trainer,0.075,0.14,0.85,0.38,45,116,555,429,ptcg_e17ad0b3fdb70896_art.png
Finizen · TWM 059,Pokemon,default_Pokemon,0.075,0.095,0.85,0.38,45,78,555,392,ptcg_e0d246688f8a5b88_art.png
Fire Energy · BS 98,Energy,manual,0.04,0.155,0.92,0.69,29,159,707,865,ptcg_d6fba96a1b312afb_art.png
Flareon ex · PRE 014,Pokemon,manual,0.075,0.235,0.85,0.24,45,194,555,392,ptcg_32f6806f149d9d13_art.png
Forest of Vitality · MEG 117,Trainer,default_Trainer,0.075,0.14,0.85,0.38,45,116,555,429,ptcg_deeac199338bdc01_art.png
Froakie · CRI 020,Pokemon,default_Pokemon,0.075,0.095,0.85,0.38,45,78,555,392,ptcg_0cd464fd591cf5a5_art.png
Frogadier · CRI 021,Pokemon,default_Pokemon,0.075,0.095,0.85,0.38,45,78,555,392,ptcg_800b71288d6bb89f_art.png
Frogadier · TWM 057,Pokemon,default_Pokemon,0.075,0.095,0.85,0.38,45,78,555,392,ptcg_3beb0afa90f411e8_art.png
Froslass · SVP 117,Pokemon,default_Pokemon,0.075,0.095,0.85,0.38,45,78,555,392,ptcg_e532b020f42bd017_art.png
Frosmoth · MEG 043,Pokemon,default_Pokemon,0.075,0.095,0.85,0.38,45,78,555,392,ptcg_33b2dda5883d2cbb_art.png
Galvantula · SFA 002,Pokemon,default_Pokemon,0.075,0.095,0.85,0.38,45,78,555,392,ptcg_012a097fc69eef76_art.png
Genesect ex · BLK 067,Pokemon,derived_Pokemon_ex,0.075,0.145,0.85,0.335,45,120,555,396,ptcg_018b065efa090ed0_art.png
Genesect · PFL 008,Pokemon,default_Pokemon,0.075,0.095,0.85,0.38,45,78,555,392,ptcg_84e2d9a4f5f6e0f1_art.png
Genesect · SFA 040,Pokemon,default_Pokemon,0.075,0.095,0.85,0.38,45,78,555,392,ptcg_dc4034e0056fcd66_art.png
Glalie · TWM 052,Pokemon,default_Pokemon,0.075,0.095,0.85,0.38,45,78,555,392,ptcg_3b66ea3d0d9d6f6d_art.png
Glass Trumpet · SCR 135,Trainer,default_Trainer,0.075,0.14,0.85,0.38,45,116,555,429,ptcg_614492d04ed4b816_art.png
Goldeen · TWM 044,Pokemon,default_Pokemon,0.075,0.095,0.85,0.38,45,78,555,392,ptcg_aaf61457c6d6206d_art.png
Grand Tree · SCR 136,Trainer,default_Trainer,0.075,0.14,0.85,0.38,45,116,555,429,ptcg_563d7afe17a0aa7d_art.png
Grass Energy · BS 99,Energy,manual,0.04,0.155,0.92,0.69,29,159,707,865,ptcg_989469254527ffba_art.png
Gravity Mountain · SSP 177,Trainer,default_Trainer,0.075,0.14,0.85,0.38,45,116,555,429,ptcg_865c9f169af47e52_art.png
Great Haul Net · CRI 078,Trainer,default_Trainer,0.075,0.14,0.85,0.38,45,116,555,429,ptcg_31ff2752d4332f7c_art.png
Greninja ex · TWM 106,Pokemon,manual,0.075,0.235,0.85,0.24,45,194,555,392,ptcg_b3abec250c3a83be_art.png
Grookey · TWM 014,Pokemon,default_Pokemon,0.075,0.095,0.85,0.38,45,78,555,392,ptcg_c68c6466c367e26e_art.png
Growing Grass Energy · POR 086,Energy,default_Energy,0.04,0.14,0.92,0.455,24,116,576,491,ptcg_d1317f7fe06299c8_art.png
Hand Trimmer · TEF 150,Trainer,default_Trainer,0.075,0.14,0.85,0.38,45,116,555,429,ptcg_67308608c0547e81_art.png
Handheld Fan · TWM 150,Trainer,default_Trainer,0.075,0.14,0.85,0.38,45,116,555,429,ptcg_9435c9bd4d46e861_art.png
Hassel · TWM 151,Trainer,default_Trainer,0.075,0.14,0.85,0.38,45,116,555,429,ptcg_e61b332fd838bdaa_art.png
Heatran · TWM 123,Pokemon,default_Pokemon,0.075,0.095,0.85,0.38,45,78,555,392,ptcg_be8d4ebf4f0ad6ca_art.png
Hero's Cape · TEF 152,Trainer,default_Trainer,0.075,0.14,0.85,0.38,45,116,555,429,ptcg_b7de6482b4dfbbb1_art.png
Hilda · WHT 084,Trainer,default_Trainer,0.075,0.14,0.85,0.38,45,116,555,429,ptcg_b986506b9f8dfb85_art.png
Honedge · POR 056,Pokemon,default_Pokemon,0.075,0.095,0.85,0.38,45,78,555,392,ptcg_e9ee6487437f64e9_art.png
Hoothoot · SCR 114,Pokemon,default_Pokemon,0.075,0.095,0.85,0.38,45,78,555,392,ptcg_11f9af6e48777037_art.png
Hoothoot · TEF 126,Pokemon,default_Pokemon,0.075,0.095,0.85,0.38,45,78,555,392,ptcg_6055241a33366814_art.png
Hop's Bag · JTG 147,Trainer,default_Trainer,0.075,0.14,0.85,0.38,45,116,555,429,ptcg_6b30380dea32c91c_art.png
Hop's Choice Band · JTG 148,Trainer,default_Trainer,0.075,0.14,0.85,0.38,45,116,555,429,ptcg_377932297a0da118_art.png
Hop's Cramorant · JTG 138,Pokemon,default_Pokemon,0.075,0.095,0.85,0.38,45,78,555,392,ptcg_23f7d48d240fee4c_art.png
Hop's Dubwool · JTG 136,Pokemon,default_Pokemon,0.075,0.095,0.85,0.38,45,78,555,392,ptcg_f4b40d8eb742a34a_art.png
Hop's Phantump · ASC 095,Pokemon,default_Pokemon,0.075,0.095,0.85,0.38,45,78,555,392,ptcg_8c58ea36d4f2874b_art.png
Hop's Snorlax · SVP 184,Pokemon,default_Pokemon,0.075,0.095,0.85,0.38,45,78,555,392,ptcg_2e391ed11e98e720_art.png
Hop's Trevenant · ASC 096,Pokemon,default_Pokemon,0.075,0.095,0.85,0.38,45,78,555,392,ptcg_16afb6ab6c23326f_art.png
Hop's Wooloo · JTG 135,Pokemon,default_Pokemon,0.075,0.095,0.85,0.38,45,78,555,392,ptcg_5b1cfa8152eb803c_art.png
Hydrapple ex · SCR 014,Pokemon,derived_Pokemon_ex,0.075,0.145,0.85,0.335,45,120,555,396,ptcg_168344c02a7633e3_art.png
Hydreigon ex · SSP 119,Pokemon,manual,0.075,0.235,0.85,0.24,45,194,555,392,ptcg_201377f68d0d4b43_art.png
Hyper Aroma · TWM 152,Trainer,default_Trainer,0.075,0.14,0.85,0.38,45,116,555,429,ptcg_c9660bc58b111cc8_art.png
Ignition Energy · WHT 086,Energy,default_Energy,0.04,0.14,0.92,0.455,24,116,576,491,ptcg_d0f16a9191095b86_art.png
Iris's Fighting Spirit · JTG 149,Trainer,default_Trainer,0.075,0.14,0.85,0.38,45,116,555,429,ptcg_59e71a1fa5caaa96_art.png
Iron Boulder · SCR 071,Pokemon,default_Pokemon,0.075,0.095,0.85,0.38,45,78,555,392,ptcg_ddb43cba042e1a50_art.png
Iron Leaves ex · SVP 128,Pokemon,manual,0.075,0.215,0.85,0.26,45,177,555,392,ptcg_5034257a17468b78_art.png
Ivysaur · MEG 002,Pokemon,default_Pokemon,0.075,0.095,0.85,0.38,45,78,555,392,ptcg_21383724838dc55c_art.png
Jacinthe · POR 075,Trainer,default_Trainer,0.075,0.14,0.85,0.38,45,116,555,429,ptcg_8c7bf7660ce5bc1c_art.png
Jamming Tower · TWM 153,Trainer,default_Trainer,0.075,0.14,0.85,0.38,45,116,555,429,ptcg_dc269fe0f360f423_art.png
Joltik · SCR 050,Pokemon,default_Pokemon,0.075,0.095,0.85,0.38,45,78,555,392,ptcg_fe30ebb706ac7efd_art.png
Judge · FLI 108,Trainer,default_Trainer,0.075,0.14,0.85,0.38,45,116,555,429,ptcg_c761824cf463cdad_art.png
Jumbo Ice Cream · PFL 091,Trainer,default_Trainer,0.075,0.14,0.85,0.38,45,116,555,429,ptcg_7ed6400a5e815a12_art.png
Kadabra · MEG 055,Pokemon,default_Pokemon,0.075,0.095,0.85,0.38,45,78,555,392,ptcg_db42fcdfb8817710_art.png
Kakuna · CRI 002,Pokemon,default_Pokemon,0.075,0.095,0.85,0.38,45,78,555,392,ptcg_b25980ba53a2daf8_art.png
Kieran · TWM 154,Trainer,default_Trainer,0.075,0.14,0.85,0.38,45,116,555,429,ptcg_df976c51f4035497_art.png
Koraidon ex · ASC 121,Pokemon,manual,0.075,0.235,0.85,0.24,45,194,555,392,ptcg_0bea861480dbc819_art.png
Kyogre · MEG 034,Pokemon,default_Pokemon,0.075,0.095,0.85,0.38,45,78,555,392,ptcg_ea93e08f6c4d2629_art.png
Kyurem · SFA 047,Pokemon,default_Pokemon,0.075,0.095,0.85,0.38,45,78,555,392,ptcg_f22c5dfde178c79e_art.png
Lana's Aid · TWM 155,Trainer,default_Trainer,0.075,0.14,0.85,0.38,45,116,555,429,ptcg_39ad569033848c7e_art.png
Larry's Skill · PRE 115,Trainer,default_Trainer,0.075,0.14,0.85,0.38,45,116,555,429,ptcg_9fc5eaa888b3b75b_art.png
Latias ex · SSP 076,Pokemon,derived_Pokemon_ex,0.075,0.145,0.85,0.335,45,120,555,396,ptcg_81afd941e5d750f5_art.png
Leafeon ex · PRE 006,Pokemon,manual,0.075,0.235,0.85,0.24,45,194,555,392,ptcg_358363cbc85f503d_art.png
Legacy Energy · TWM 167,Energy,default_Energy,0.04,0.14,0.92,0.455,24,116,576,491,ptcg_3d3cc11204ffc0f5_art.png
Light Ball · ASC 191,Trainer,default_Trainer,0.075,0.14,0.85,0.38,45,116,555,429,ptcg_85a25800568c7335_art.png
Lightning Energy · BS 100,Energy,manual,0.04,0.155,0.92,0.69,29,159,707,865,ptcg_ce57b4be6e1ac647_art.png
Lillie's Clefairy ex · SVP 195,Pokemon,derived_Pokemon_ex,0.075,0.145,0.85,0.335,45,120,555,396,ptcg_c828d6929abc6daa_art.png
Lillie's Determination · MEG 119,Trainer,default_Trainer,0.075,0.14,0.85,0.38,45,116,555,429,ptcg_c5dddc91542ec71f_art.png
Lillie's Pearl · JTG 151,Trainer,default_Trainer,0.075,0.14,0.85,0.38,45,116,555,429,ptcg_e85b7b946d3cd5c2_art.png
Lilligant · JTG 007,Pokemon,default_Pokemon,0.075,0.095,0.85,0.38,45,78,555,392,ptcg_362d5ff747a661fb_art.png
Lisia's Appeal · SSP 179,Trainer,default_Trainer,0.075,0.14,0.85,0.38,45,116,555,429,ptcg_b460945328c31c7c_art.png
Lucian · TWM 157,Trainer,default_Trainer,0.075,0.14,0.85,0.38,45,116,555,429,ptcg_e81919b601552311_art.png
Lucky Helmet · TWM 158,Trainer,default_Trainer,0.075,0.14,0.85,0.38,45,116,555,429,ptcg_a7ed9f548fa0770f_art.png
Lunatone · MEP 004,Pokemon,default_Pokemon,0.075,0.095,0.85,0.38,45,78,555,392,ptcg_987c8dbc3483ceda_art.png
Magnemite · MEG 045,Pokemon,default_Pokemon,0.075,0.095,0.85,0.38,45,78,555,392,ptcg_cb76f7b73deaa2b9_art.png
Magneton · SVP 153,Pokemon,default_Pokemon,0.075,0.095,0.85,0.38,45,78,555,392,ptcg_1708c08441fac373_art.png
Maractus · JTG 008,Pokemon,default_Pokemon,0.075,0.095,0.85,0.38,45,78,555,392,ptcg_27774cddc632bc39_art.png
Marnie's Grimmsnarl ex · DRI 136,Pokemon,derived_Pokemon_ex,0.075,0.145,0.85,0.335,45,120,555,396,ptcg_9609087ce513e438_art.png
Marnie's Impidimp · DRI 134,Pokemon,default_Pokemon,0.075,0.095,0.85,0.38,45,78,555,392,ptcg_eaf56dc6ef079468_art.png
Marnie's Morgrem · DRI 135,Pokemon,default_Pokemon,0.075,0.095,0.85,0.38,45,78,555,392,ptcg_9bcda823d91a1d58_art.png
Max Rod · PRE 116,Trainer,default_Trainer,0.075,0.14,0.85,0.38,45,116,555,429,ptcg_21e889e774feebec_art.png
Maximum Belt · TEF 154,Trainer,default_Trainer,0.075,0.14,0.85,0.38,45,116,555,429,ptcg_06f774cd564454bc_art.png
Mega Abomasnow ex · MEG 036,Pokemon,derived_Pokemon_ex,0.075,0.145,0.85,0.335,45,120,555,396,ptcg_39c8cc53639116e2_art.png
Mega Absol ex · MEG 086,Pokemon,derived_Pokemon_ex,0.075,0.145,0.85,0.335,45,120,555,396,ptcg_a5864d3da061c04c_art.png
Mega Audino ex · ASC 172,Pokemon,derived_Pokemon_ex,0.075,0.145,0.85,0.335,45,120,555,396,ptcg_74dd37d1404b9b77_art.png
Mega Charizard X ex · PFL 013,Pokemon,derived_Pokemon_ex,0.075,0.145,0.85,0.335,45,120,555,396,ptcg_d5e7b2148d130edf_art.png
Mega Charizard Y ex · ASC 022,Pokemon,derived_Pokemon_ex,0.075,0.145,0.85,0.335,45,120,555,396,ptcg_cb8f9b3108ff7097_art.png
Mega Diancie ex · PFL 041,Pokemon,derived_Pokemon_ex,0.075,0.145,0.85,0.335,45,120,555,396,ptcg_5b839e9561d09687_art.png
Mega Dragonite ex · ASC 152,Pokemon,derived_Pokemon_ex,0.075,0.145,0.85,0.335,45,120,555,396,ptcg_a22e67617f02ec65_art.png
Mega Froslass ex · ASC 047,Pokemon,derived_Pokemon_ex,0.075,0.145,0.85,0.335,45,120,555,396,ptcg_7b9891b20b2368cc_art.png
Mega Greninja ex · CRI 022,Pokemon,derived_Pokemon_ex,0.075,0.145,0.85,0.335,45,120,555,396,ptcg_4cce94c45fa23d40_art.png
Mega Kangaskhan ex · MEP 025,Pokemon,derived_Pokemon_ex,0.075,0.145,0.85,0.335,55,148,681,492,ptcg_ef5b7bc8354e21a0_art.png
Mega Lopunny ex · PFL 084,Pokemon,derived_Pokemon_ex,0.075,0.145,0.85,0.335,45,120,555,396,ptcg_d40a8514aa458162_art.png
Mega Lucario ex · MEP 012,Pokemon,derived_Pokemon_ex,0.075,0.145,0.85,0.335,45,120,555,396,ptcg_f54a1649434853b0_art.png
Mega Manectric ex · MEG 050,Pokemon,derived_Pokemon_ex,0.075,0.145,0.85,0.335,45,120,555,396,ptcg_9e77848bc0c3d82e_art.png
Mega Mawile ex · MEG 094,Pokemon,derived_Pokemon_ex,0.075,0.145,0.85,0.335,45,120,555,396,ptcg_eedf150e515c1080_art.png
Mega Meganium ex · ASC 010,Pokemon,derived_Pokemon_ex,0.075,0.145,0.85,0.335,45,120,555,396,ptcg_b8a21b63435e1ded_art.png
Mega Sharpedo ex · PFL 061,Pokemon,derived_Pokemon_ex,0.075,0.145,0.85,0.335,45,120,555,396,ptcg_70a51392168ac371_art.png
Mega Signal · MEG 121,Trainer,default_Trainer,0.075,0.14,0.85,0.38,45,116,555,429,ptcg_3997d716387be786_art.png
Mega Skarmory ex · POR 055,Pokemon,derived_Pokemon_ex,0.075,0.145,0.85,0.335,45,120,555,396,ptcg_6fd17e49ff5debf8_art.png
Mega Starmie ex · POR 021,Pokemon,derived_Pokemon_ex,0.075,0.145,0.85,0.335,45,120,555,396,ptcg_89f8ce1561270fd9_art.png
Mega Venusaur ex · MEG 003,Pokemon,derived_Pokemon_ex,0.075,0.145,0.85,0.335,45,120,555,396,ptcg_994c846976aad9ed_art.png
Meganium · MEG 010,Pokemon,default_Pokemon,0.075,0.095,0.85,0.38,45,78,555,392,ptcg_226f73afa1adc5da_art.png
Meowth ex · POR 062,Pokemon,derived_Pokemon_ex,0.075,0.145,0.85,0.335,45,120,555,396,ptcg_e8de7674e75da976_art.png
Metagross · CRI 061,Pokemon,default_Pokemon,0.075,0.095,0.85,0.38,45,78,555,392,ptcg_46e6330bcd56a12d_art.png
Metal Energy · DP 130,Energy,manual,0.04,0.155,0.92,0.69,29,159,707,865,ptcg_0c08a283e645a9f3_art.png
Metang · SVP 090,Pokemon,default_Pokemon,0.075,0.095,0.85,0.38,45,78,555,392,ptcg_4896da10b97e3a80_art.png
Miracle Headset · SSP 183,Trainer,default_Trainer,0.075,0.14,0.85,0.38,45,116,555,429,ptcg_14e2b275974e87a6_art.png
Mist Energy · TEF 161,Energy,default_Energy,0.04,0.14,0.92,0.455,24,116,576,491,ptcg_7b2fc09641e7ad53_art.png
Moltres · PFL 014,Pokemon,default_Pokemon,0.075,0.095,0.85,0.38,45,78,555,392,ptcg_ea76110d64fe458c_art.png
Morty's Conviction · TEF 155,Trainer,default_Trainer,0.075,0.14,0.85,0.38,45,116,555,429,ptcg_0ac83c2c9b2494cd_art.png
Munkidori · TWM 095,Pokemon,default_Pokemon,0.075,0.095,0.85,0.38,45,78,555,392,ptcg_afa14d481a2849ab_art.png
Mystery Garden · MEG 122,Trainer,default_Trainer,0.075,0.14,0.85,0.38,45,116,555,429,ptcg_76d80176e5cf6471_art.png
N's Castle · JTG 152,Trainer,default_Trainer,0.075,0.14,0.85,0.38,45,116,555,429,ptcg_5ce761394021a46b_art.png
N's Darmanitan · ASC 033,Pokemon,default_Pokemon,0.075,0.095,0.85,0.38,45,78,555,392,ptcg_ff8735b3f98a3ed2_art.png
N's Darumaka · JTG 026,Pokemon,default_Pokemon,0.075,0.095,0.85,0.38,45,78,555,392,ptcg_d813e91bc00770e0_art.png
N's PP Up · JTG 153,Trainer,default_Trainer,0.075,0.14,0.85,0.38,45,116,555,429,ptcg_5ffd507a51ae3f5d_art.png
N's Zekrom · MEP 031,Pokemon,default_Pokemon,0.075,0.095,0.85,0.38,45,78,555,392,ptcg_2d41e5ccad80294c_art.png
N's Zoroark ex · ASC 137,Pokemon,derived_Pokemon_ex,0.075,0.145,0.85,0.335,45,120,555,396,ptcg_0bf5719bc8de42c6_art.png
N's Zorua · SVP 189,Pokemon,default_Pokemon,0.075,0.095,0.85,0.38,45,78,555,392,ptcg_8da98b596a2df007_art.png
Neo Upper Energy · TEF 162,Energy,default_Energy,0.04,0.14,0.92,0.455,24,116,576,491,ptcg_e0170c409c1d5e9b_art.png
Neutralization Zone · SFA 060,Trainer,default_Trainer,0.075,0.14,0.85,0.38,45,116,555,429,ptcg_0afd12ae5de2af5d_art.png
Night Stretcher · SFA 061,Trainer,default_Trainer,0.075,0.14,0.85,0.38,45,116,555,429,ptcg_b4ff661b508852bc_art.png
Nighttime Mine · ASC 197,Trainer,default_Trainer,0.075,0.14,0.85,0.38,45,116,555,429,ptcg_ab0a6d5ebe6e5b8b_art.png
Nitro Fire Energy · CRI 086,Energy,default_Energy,0.04,0.14,0.92,0.455,24,116,576,491,ptcg_26f2432bc89e25f5_art.png
Noctowl · SVP 141,Pokemon,default_Pokemon,0.075,0.095,0.85,0.38,45,78,555,392,ptcg_f8afd31940de79a1_art.png
Okidogi · TWM 111,Pokemon,default_Pokemon,0.075,0.095,0.85,0.38,45,78,555,392,ptcg_ea49e45b69a3a8ef_art.png
Oricorio ex · PFL 018,Pokemon,derived_Pokemon_ex,0.075,0.145,0.85,0.335,45,120,555,396,ptcg_d0a82fccd5014b70_art.png
Palafin ex · SVP 126,Pokemon,derived_Pokemon_ex,0.075,0.145,0.85,0.335,45,120,555,396,ptcg_a5de116f179063b7_art.png
Palafin · TWM 060,Pokemon,default_Pokemon,0.075,0.095,0.85,0.38,45,78,555,392,ptcg_dcdcb7bb0021373d_art.png
Passimian · SSP 111,Pokemon,default_Pokemon,0.075,0.095,0.85,0.38,45,78,555,392,ptcg_cf698d644c7e7149_art.png
Pecharunt ex · SFA 039,Pokemon,derived_Pokemon_ex,0.075,0.145,0.85,0.335,45,120,555,396,ptcg_3a6612580ef4f637_art.png
Pecharunt · SVP 129,Pokemon,default_Pokemon,0.075,0.095,0.85,0.38,45,78,555,392,ptcg_c95a9ef4d684a710_art.png
Petilil · BLK 006,Pokemon,default_Pokemon,0.075,0.095,0.85,0.38,45,78,555,392,ptcg_d0035fab79b53b04_art.png
Philippe · CRI 079,Trainer,default_Trainer,0.075,0.14,0.85,0.38,45,116,555,429,ptcg_649c1fff00250afd_art.png
Pikachu ex · SSP 057,Pokemon,manual,0.075,0.235,0.85,0.24,45,194,555,392,ptcg_d900e9c8c0baa4f2_art.png
Piplup · PFL 027,Pokemon,default_Pokemon,0.075,0.095,0.85,0.38,45,78,555,392,ptcg_a4325ed165d1b7ca_art.png
Poké Pad · ASC 198,Trainer,default_Trainer,0.075,0.14,0.85,0.38,45,116,555,429,ptcg_9b1592301568efed_art.png
Pokégear 3.0 · UNB 182,Trainer,default_Trainer,0.075,0.14,0.85,0.38,45,116,555,429,ptcg_f43e799b49ccc672_art.png
Pokémon Catcher · SVI 187,Trainer,default_Trainer,0.075,0.14,0.85,0.38,45,116,555,429,ptcg_f0cd9eb088bdcbdc_art.png
Pokémon Center Lady · SSH 176,Trainer,default_Trainer,0.075,0.14,0.85,0.38,45,116,555,429,ptcg_78d5e0824486790d_art.png
Postwick · JTG 154,Trainer,default_Trainer,0.075,0.14,0.85,0.38,45,116,555,429,ptcg_9cb6c46936f4d2a0_art.png
Powerglass · SFA 063,Trainer,default_Trainer,0.075,0.14,0.85,0.38,45,116,555,429,ptcg_800dcbf92b04001e_art.png
Precious Trolley · SSP 185,Trainer,default_Trainer,0.075,0.14,0.85,0.38,45,116,555,429,ptcg_a9584168e587c011_art.png
Premium Power Pro · MEG 124,Trainer,default_Trainer,0.075,0.14,0.85,0.38,45,116,555,429,ptcg_dfc6fde6c3bb1726_art.png
Prime Catcher · TEF 157,Trainer,default_Trainer,0.075,0.14,0.85,0.38,45,116,555,429,ptcg_2ed8a151da86dd69_art.png
Prism Energy · BLK 086,Energy,default_Energy,0.04,0.14,0.92,0.455,24,116,576,491,ptcg_fd16e347f2d4ff34_art.png
Prism Tower · CRI 080,Trainer,default_Trainer,0.075,0.14,0.85,0.38,45,116,555,429,ptcg_400d5bf0e7a5a752_art.png
Psychic Energy · BS 101,Energy,manual,0.04,0.155,0.92,0.69,29,159,707,865,ptcg_742ce5c084d004c3_art.png
Psyduck · ASC 039,Pokemon,default_Pokemon,0.075,0.095,0.85,0.38,45,78,555,392,ptcg_5dfdd9e85b88af99_art.png
Raging Bolt ex · SVP 145,Pokemon,manual,0.075,0.215,0.85,0.26,45,177,555,392,ptcg_d2796c836150fe0c_art.png
Rare Candy · SSH 180,Trainer,default_Trainer,0.075,0.14,0.85,0.38,45,116,555,429,ptcg_ada6aed9d8e90caf_art.png
Redeemable Ticket · JTG 156,Trainer,default_Trainer,0.075,0.14,0.85,0.38,45,116,555,429,ptcg_369760a22ea88a4d_art.png
Regigigas · PRE 086,Pokemon,default_Pokemon,0.075,0.095,0.85,0.38,45,78,555,392,ptcg_6fdefd96d5b3c96e_art.png
Relicanth · TEF 084,Pokemon,default_Pokemon,0.075,0.095,0.85,0.38,45,78,555,392,ptcg_a8a59713a768879c_art.png
Repel · MEG 126,Trainer,default_Trainer,0.075,0.14,0.85,0.38,45,116,555,429,ptcg_e686ea46a934ba68_art.png
Rillaboom · TWM 016,Pokemon,default_Pokemon,0.075,0.095,0.85,0.38,45,78,555,392,ptcg_e93297b5f1b02812_art.png
Riolu · MEP 010,Pokemon,default_Pokemon,0.075,0.095,0.85,0.38,45,78,555,392,ptcg_f026678e2b6e3544_art.png
Riolu · PRE 050,Pokemon,default_Pokemon,0.075,0.095,0.85,0.38,45,78,555,392,ptcg_c3a4c546c96989e2_art.png
Risky Ruins · MEG 127,Trainer,default_Trainer,0.075,0.14,0.85,0.38,45,116,555,429,ptcg_aa34c5710fb80b4f_art.png
Rocky Fighting Energy · POR 087,Energy,default_Energy,0.04,0.14,0.92,0.455,24,116,576,491,ptcg_dc9bbba445fb9caf_art.png
Roto-Stick · PRE 127,Trainer,default_Trainer,0.075,0.14,0.85,0.38,45,116,555,429,ptcg_9d8af92c6cc40439_art.png
Rowlet · SFA 003,Pokemon,default_Pokemon,0.075,0.095,0.85,0.38,45,78,555,392,ptcg_584d1ad4db135817_art.png
Ruffian · JTG 157,Trainer,default_Trainer,0.075,0.14,0.85,0.38,45,116,555,429,ptcg_fca3d6eb6dc0f203_art.png
Sacred Ash · DRI 168,Trainer,default_Trainer,0.075,0.14,0.85,0.38,45,116,555,429,ptcg_f8dbdeaa330fcb9a_art.png
Salvatore · TEF 160,Trainer,default_Trainer,0.075,0.14,0.85,0.38,45,116,555,429,ptcg_28253a932dfc86f1_art.png
Scatterbug · SSP 005,Pokemon,default_Pokemon,0.075,0.095,0.85,0.38,45,78,555,392,ptcg_d4a18c785c9bdb05_art.png
Scoop Up Cyclone · TWM 162,Trainer,default_Trainer,0.075,0.14,0.85,0.38,45,116,555,429,ptcg_027e8b3652d2f7e1_art.png
Seaking · PRE 021,Pokemon,default_Pokemon,0.075,0.095,0.85,0.38,45,78,555,392,ptcg_a6ab40187d37d639_art.png
Secret Box · TWM 163,Trainer,default_Trainer,0.075,0.14,0.85,0.38,45,116,555,429,ptcg_0dcf1b241aa58c2e_art.png
Shaymin · DRI 010,Pokemon,default_Pokemon,0.075,0.095,0.85,0.38,45,78,555,392,ptcg_35617f806727ae36_art.png
Slowking · SCR 058,Pokemon,default_Pokemon,0.075,0.095,0.85,0.38,45,78,555,392,ptcg_6e8c30dc41df42ca_art.png
Slowpoke · SCR 057,Pokemon,default_Pokemon,0.075,0.095,0.85,0.38,45,78,555,392,ptcg_9a34e860aab9d718_art.png
Smoochum · SSP 075,Pokemon,default_Pokemon,0.075,0.095,0.85,0.38,45,78,555,392,ptcg_2ac703cd080098be_art.png
Snom · TEF 045,Pokemon,default_Pokemon,0.075,0.095,0.85,0.38,45,78,555,392,ptcg_981b817e04f88d6b_art.png
Snorunt · ASC 046,Pokemon,default_Pokemon,0.075,0.095,0.85,0.38,45,78,555,392,ptcg_21a65f5e80284c69_art.png
Snover · MEG 035,Pokemon,default_Pokemon,0.075,0.095,0.85,0.38,45,78,555,392,ptcg_c5fc5ee6576d1261_art.png
Solrock · MEG 075,Pokemon,default_Pokemon,0.075,0.095,0.85,0.38,45,78,555,392,ptcg_19998874e7a4e582_art.png
Sparkling Crystal · SCR 142,Trainer,default_Trainer,0.075,0.14,0.85,0.38,45,116,555,429,ptcg_bf5be2b101c1c8ac_art.png
Special Red Card · CRI 082,Trainer,default_Trainer,0.075,0.14,0.85,0.38,45,116,555,429,ptcg_7f31b63d703c4b44_art.png
Spewpa · POR 008,Pokemon,default_Pokemon,0.075,0.095,0.85,0.38,45,78,555,392,ptcg_d31656f33d3e9839_art.png
Spikemuth Gym · DRI 169,Trainer,default_Trainer,0.075,0.14,0.85,0.38,45,116,555,429,ptcg_00b430dce1f024f6_art.png
Spiky Energy · JTG 159,Energy,default_Energy,0.04,0.14,0.92,0.455,24,116,576,491,ptcg_102fe43c8ad13737_art.png
Staryu · POR 020,Pokemon,default_Pokemon,0.075,0.095,0.85,0.38,45,78,555,392,ptcg_bd3c0b3d2a816f25_art.png
Steven's Beldum · SVP 207,Pokemon,default_Pokemon,0.075,0.095,0.85,0.38,45,78,555,392,ptcg_baa75c669ba909db_art.png
Steven's Metagross ex · DRI 145,Pokemon,derived_Pokemon_ex,0.075,0.145,0.85,0.335,45,120,555,396,ptcg_1782f7062addef2c_art.png
Steven's Metang · DRI 144,Pokemon,default_Pokemon,0.075,0.095,0.85,0.38,45,78,555,392,ptcg_670ca519a8fb8b2c_art.png
Surfing Beach · MEG 129,Trainer,default_Trainer,0.075,0.14,0.85,0.38,45,116,555,429,ptcg_88a2781ced246a31_art.png
Switch · BLW 104,Trainer,default_Trainer,0.075,0.14,0.85,0.38,45,116,555,429,ptcg_739cd663b8f30f1a_art.png
Sylveon ex · SSP 086,Pokemon,manual,0.075,0.235,0.85,0.24,45,194,555,392,ptcg_e27aea7aa27c3843_art.png
Sylveon · PRE 040,Pokemon,default_Pokemon,0.075,0.095,0.85,0.38,45,78,555,392,ptcg_40e0ac1b41a27373_art.png
Tapu Bulu · SFA 006,Pokemon,default_Pokemon,0.075,0.095,0.85,0.38,45,78,555,392,ptcg_d053c5e982d598e6_art.png
Tarragon · POR 085,Trainer,default_Trainer,0.075,0.14,0.85,0.38,45,116,555,429,ptcg_44afb7b51aa92230_art.png
Tatsugiri · SVP 118,Pokemon,default_Pokemon,0.075,0.095,0.85,0.38,45,78,555,392,ptcg_1863902523e0ff0b_art.png
Teal Mask Ogerpon ex · SVP 166,Pokemon,manual,0.075,0.235,0.85,0.24,45,194,555,392,ptcg_f1cf104ad239e058_art.png
Team Rocket's Archer · DRI 170,Trainer,default_Trainer,0.075,0.14,0.85,0.38,45,116,555,429,ptcg_661ea061bec638b0_art.png
Team Rocket's Ariana · DRI 171,Trainer,default_Trainer,0.075,0.14,0.85,0.38,45,116,555,429,ptcg_4d1686695a04cd94_art.png
Team Rocket's Articuno · DRI 051,Pokemon,default_Pokemon,0.075,0.095,0.85,0.38,45,78,555,392,ptcg_b8c749daf5a70c48_art.png
Team Rocket's Energy · ASC 217,Energy,default_Energy,0.04,0.14,0.92,0.455,24,116,576,491,ptcg_e6ed7e4f1b5653fa_art.png
Team Rocket's Factory · DRI 173,Trainer,default_Trainer,0.075,0.14,0.85,0.38,45,116,555,429,ptcg_8f86c57d45d4b6b6_art.png
Team Rocket's Giovanni · DRI 174,Trainer,default_Trainer,0.075,0.14,0.85,0.38,45,116,555,429,ptcg_189858326e00fab9_art.png
Team Rocket's Honchkrow · ASC 127,Pokemon,default_Pokemon,0.075,0.095,0.85,0.38,45,78,555,392,ptcg_a6c4b63014f00461_art.png
Team Rocket's Kangaskhan ex · ASC 162,Pokemon,derived_Pokemon_ex,0.075,0.145,0.85,0.335,45,120,555,396,ptcg_60e67f5addee1655_art.png
Team Rocket's Mewtwo ex · DRI 081,Pokemon,derived_Pokemon_ex,0.075,0.145,0.85,0.335,45,120,555,396,ptcg_fbbf2edee1eeffa7_art.png
Team Rocket's Mimikyu · DRI 087,Pokemon,default_Pokemon,0.075,0.095,0.85,0.38,45,78,555,392,ptcg_cc53e495c8945460_art.png
Team Rocket's Murkrow · DRI 127,Pokemon,default_Pokemon,0.075,0.095,0.85,0.38,45,78,555,392,ptcg_00f13f3c00bdbb7f_art.png
Team Rocket's Petrel · DRI 176,Trainer,default_Trainer,0.075,0.14,0.85,0.38,45,116,555,429,ptcg_d081992e6af71815_art.png
Team Rocket's Porygon · DRI 153,Pokemon,default_Pokemon,0.075,0.095,0.85,0.38,45,78,555,392,ptcg_d3a25ee1dae85bd3_art.png
Team Rocket's Porygon2 · DRI 154,Pokemon,default_Pokemon,0.075,0.095,0.85,0.38,45,78,555,392,ptcg_d435bd9323c90ca0_art.png
Team Rocket's Proton · DRI 177,Trainer,default_Trainer,0.075,0.14,0.85,0.38,45,116,555,429,ptcg_f60714855bdda199_art.png
Team Rocket's Spidops · ASC 019,Pokemon,default_Pokemon,0.075,0.095,0.85,0.38,45,78,555,392,ptcg_55c867a485020527_art.png
Team Rocket's Tarountula · DRI 019,Pokemon,default_Pokemon,0.075,0.095,0.85,0.38,45,78,555,392,ptcg_cb309158e941d6d7_art.png
Team Rocket's Transceiver · DRI 178,Trainer,default_Trainer,0.075,0.14,0.85,0.38,45,116,555,429,ptcg_578a168bac3f31ae_art.png
Team Rocket's Venture Bomb · DRI 179,Trainer,default_Trainer,0.075,0.14,0.85,0.38,45,116,555,429,ptcg_9de011eed2e2c4a9_art.png
Team Rocket's Watchtower · DRI 180,Trainer,default_Trainer,0.075,0.14,0.85,0.38,45,116,555,429,ptcg_3c0694675e9aa61a_art.png
Telepathic Psychic Energy · POR 088,Energy,default_Energy,0.04,0.14,0.92,0.455,24,116,576,491,ptcg_9625445bb1a58bef_art.png
Tera Orb · SSP 189,Trainer,default_Trainer,0.075,0.14,0.85,0.38,45,116,555,429,ptcg_ad8bb82cfd447f94_art.png
Terapagos ex · SVP 165,Pokemon,manual,0.075,0.235,0.85,0.24,45,194,555,392,ptcg_42be1f6aa36d01a4_art.png
Thwackey · SVP 115,Pokemon,default_Pokemon,0.075,0.095,0.85,0.38,45,78,555,392,ptcg_b9224c2bb70156f6_art.png
Tool Scrapper · RCL 168,Trainer,default_Trainer,0.075,0.14,0.85,0.38,45,116,555,429,ptcg_06dd32b42da51450_art.png
Toxel · PFL 067,Pokemon,default_Pokemon,0.075,0.095,0.85,0.38,45,78,555,392,ptcg_7760a0b4a5b139f5_art.png
Toxtricity · MEP 017,Pokemon,default_Pokemon,0.075,0.095,0.85,0.38,45,78,555,392,ptcg_f1ef1e8a5bc78f66_art.png
Transformation Tome · CRI 083,Trainer,default_Trainer,0.075,0.14,0.85,0.38,45,116,555,429,ptcg_2923d8eeed1bd703_art.png
Tynamo · BLK 030,Pokemon,default_Pokemon,0.075,0.095,0.85,0.38,45,78,555,392,ptcg_d7744171c5bf2e5b_art.png
Ultra Ball · BRS 150,Trainer,default_Trainer,0.075,0.14,0.85,0.38,45,116,555,429,ptcg_eb825dbf10c4c9e7_art.png
Unfair Stamp · TWM 165,Trainer,default_Trainer,0.075,0.14,0.85,0.38,45,116,555,429,ptcg_fa4948cb573735b3_art.png
Victini · SSP 021,Pokemon,default_Pokemon,0.075,0.095,0.85,0.38,45,78,555,392,ptcg_ddf781366740128d_art.png
Vivillon · POR 009,Pokemon,default_Pokemon,0.075,0.095,0.85,0.38,45,78,555,392,ptcg_f29a01ee77f9b0f2_art.png
Wally's Compassion · MEG 132,Trainer,default_Trainer,0.075,0.14,0.85,0.38,45,116,555,429,ptcg_b4f615e502e76f3d_art.png
Water Energy · BS 102,Energy,manual,0.04,0.155,0.92,0.69,29,159,707,865,ptcg_ae825979ecac6c12_art.png
Weedle · CRI 001,Pokemon,default_Pokemon,0.075,0.095,0.85,0.38,45,78,555,392,ptcg_5cda1820e50507c8_art.png
Wellspring Mask Ogerpon ex · TWM 064,Pokemon,manual,0.075,0.235,0.85,0.24,45,194,555,392,ptcg_d63adfeea2c595e4_art.png
Wondrous Patch · PFL 094,Trainer,default_Trainer,0.075,0.14,0.85,0.38,45,116,555,429,ptcg_fdf33b2056c7dfe1_art.png
Xerosic's Machinations · SFA 064,Trainer,default_Trainer,0.075,0.14,0.85,0.38,45,116,555,429,ptcg_d1280d1bf6a44701_art.png
Yveltal · MEG 088,Pokemon,default_Pokemon,0.075,0.095,0.85,0.38,45,78,555,392,ptcg_78e1a4debc5d01a0_art.png
Zeraora · DRI 078,Pokemon,default_Pokemon,0.075,0.095,0.85,0.38,45,78,555,392,ptcg_12b25c47e2efca4d_art.png
Zweilous · SSP 118,Pokemon,default_Pokemon,0.075,0.095,0.85,0.38,45,78,555,392,ptcg_209ac67ff090c1c0_art.png
