raw_locator,set_code,collector_number,limitless_card_url,in_top10_raw_union,in_top50_raw_union,minimum_archetype_rank,archetype_count,archetypes,archetype_ranks,archetype_quantities,anki_tags,resolution_status,resolved_name,mechanical_fingerprint,mechanical_card_key,mechanical_group_id
ASC-142,ASC,142,https://limitlesstcg.com/cards/ASC/142,True,True,1,27,Dragapult | Ogerpon Meganium | Alakazam | N's Zoroark | Raging Bolt | Slowking | Mega Greninja | Basic Box | Beedrill | Ethan's Typhlosion | Greninja | Lillie's Clefairy | Metagross | Archaludon | Mega Diancie | Mega Venusaur | Tera Box | Mega Absol Box | Flareon | Doublade | Toxtricity | Bloodmoon Ursaluna | Mega Manectric | Decidueye | Joltik Box | Hydreigon | Mega Charizard X,1 | 2 | 3 | 4 | 5 | 6 | 8 | 9 | 12 | 19 | 20 | 21 | 22 | 25 | 27 | 30 | 31 | 32 | 33 | 34 | 35 | 37 | 38 | 41 | 45 | 49 | 50,Dragapult:1 | Ogerpon Meganium:1 | Alakazam:1 | N's Zoroark:1 | Raging Bolt:1 | Slowking:1 | Mega Greninja:1 | Basic Box:1 | Beedrill:1 | Ethan's Typhlosion:1 | Greninja:1 | Lillie's Clefairy:2 | Metagross:1 | Archaludon:1 | Mega Diancie:1 | Mega Venusaur:1 | Tera Box:1 | Mega Absol Box:1 | Flareon:1 | Doublade:1 | Toxtricity:1 | Bloodmoon Ursaluna:1 | Mega Manectric:1 | Decidueye:1 | Joltik Box:1 | Hydreigon:1 | Mega Charizard X:1,ptcg::archetype::dragapult ptcg::archetype::ogerpon_meganium ptcg::archetype::alakazam ptcg::archetype::n_s_zoroark ptcg::archetype::raging_bolt ptcg::archetype::slowking ptcg::archetype::mega_greninja ptcg::archetype::basic_box ptcg::archetype::beedrill ptcg::archetype::ethan_s_typhlosion ptcg::archetype::greninja ptcg::archetype::lillie_s_clefairy ptcg::archetype::metagross ptcg::archetype::archaludon ptcg::archetype::mega_diancie ptcg::archetype::mega_venusaur ptcg::archetype::tera_box ptcg::archetype::mega_absol_box ptcg::archetype::flareon ptcg::archetype::doublade ptcg::archetype::toxtricity ptcg::archetype::bloodmoon_ursaluna ptcg::archetype::mega_manectric ptcg::archetype::decidueye ptcg::archetype::joltik_box ptcg::archetype::hydreigon ptcg::archetype::mega_charizard_x ptcg::meta::2026_06::top50 ptcg::meta::2026_06::top10,unresolved_print_locator,,,,
ASC-158,ASC,158,https://limitlesstcg.com/cards/ASC/158,True,True,1,3,Dragapult | Ethan's Typhlosion | Doublade,1 | 19 | 34,Dragapult:4 | Ethan's Typhlosion:2 | Doublade:4,ptcg::archetype::dragapult ptcg::archetype::ethan_s_typhlosion ptcg::archetype::doublade ptcg::meta::2026_06::top50 ptcg::meta::2026_06::top10,unresolved_print_locator,,,,
ASC-159,ASC,159,https://limitlesstcg.com/cards/ASC/159,True,True,1,3,Dragapult | Ethan's Typhlosion | Doublade,1 | 19 | 34,Dragapult:4 | Ethan's Typhlosion:2 | Doublade:4,ptcg::archetype::dragapult ptcg::archetype::ethan_s_typhlosion ptcg::archetype::doublade ptcg::meta::2026_06::top50 ptcg::meta::2026_06::top10,unresolved_print_locator,,,,
ASC-16,ASC,16,https://limitlesstcg.com/cards/ASC/16,True,True,1,8,Dragapult | N's Zoroark | Mega Greninja | Mega Starmie | Greninja | Marnie's Grimmsnarl | Decidueye | Mega Froslass,1 | 4 | 8 | 15 | 20 | 24 | 41 | 42,Dragapult:1 | N's Zoroark:1 | Mega Greninja:1 | Mega Starmie:1 | Greninja:1 | Marnie's Grimmsnarl:1 | Decidueye:1 | Mega Froslass:1,ptcg::archetype::dragapult ptcg::archetype::n_s_zoroark ptcg::archetype::mega_greninja ptcg::archetype::mega_starmie ptcg::archetype::greninja ptcg::archetype::marnie_s_grimmsnarl ptcg::archetype::decidueye ptcg::archetype::mega_froslass ptcg::meta::2026_06::top50 ptcg::meta::2026_06::top10,unresolved_print_locator,,,,
ASC-160,ASC,160,https://limitlesstcg.com/cards/ASC/160,True,True,1,1,Dragapult,1,Dragapult:2,ptcg::archetype::dragapult ptcg::meta::2026_06::top50 ptcg::meta::2026_06::top10,unresolved_print_locator,,,,
ASC-184,ASC,184,https://limitlesstcg.com/cards/ASC/184,True,True,1,29,Dragapult | Alakazam | N's Zoroark | Mega Lucario | Mega Greninja | Crustle | Beedrill | Festival Lead | Mega Starmie | Mega Lopunny | Cynthia's Garchomp | Ethan's Typhlosion | Greninja | Metagross | Marnie's Grimmsnarl | Archaludon | Steven's Metagross | Flareon | Doublade | Toxtricity | Eelektrik | Mega Manectric | Mega Sharpedo | Decidueye | Mega Froslass | Palafin | Sylveon | Froslass Munkidori | Hydreigon,1 | 3 | 4 | 7 | 8 | 11 | 12 | 13 | 15 | 16 | 17 | 19 | 20 | 22 | 24 | 25 | 26 | 33 | 34 | 35 | 36 | 38 | 39 | 41 | 42 | 46 | 47 | 48 | 49,Dragapult:4 | Alakazam:4 | N's Zoroark:4 | Mega Lucario:2 | Mega Greninja:4 | Crustle:2 | Beedrill:4 | Festival Lead:4 | Mega Starmie:4 | Mega Lopunny:4 | Cynthia's Garchomp:3 | Ethan's Typhlosion:2 | Greninja:4 | Metagross:1 | Marnie's Grimmsnarl:3 | Archaludon:2 | Steven's Metagross:3 | Flareon:2 | Doublade:4 | Toxtricity:1 | Eelektrik:2 | Mega Manectric:4 | Mega Sharpedo:3 | Decidueye:4 | Mega Froslass:3 | Palafin:4 | Sylveon:1 | Froslass Munkidori:4 | Hydreigon:4,ptcg::archetype::dragapult ptcg::archetype::alakazam ptcg::archetype::n_s_zoroark ptcg::archetype::mega_lucario ptcg::archetype::mega_greninja ptcg::archetype::crustle ptcg::archetype::beedrill ptcg::archetype::festival_lead ptcg::archetype::mega_starmie ptcg::archetype::mega_lopunny ptcg::archetype::cynthia_s_garchomp ptcg::archetype::ethan_s_typhlosion ptcg::archetype::greninja ptcg::archetype::metagross ptcg::archetype::marnie_s_grimmsnarl ptcg::archetype::archaludon ptcg::archetype::steven_s_metagross ptcg::archetype::flareon ptcg::archetype::doublade ptcg::archetype::toxtricity ptcg::archetype::eelektrik ptcg::archetype::mega_manectric ptcg::archetype::mega_sharpedo ptcg::archetype::decidueye ptcg::archetype::mega_froslass ptcg::archetype::palafin ptcg::archetype::sylveon ptcg::archetype::froslass_munkidori ptcg::archetype::hydreigon ptcg::meta::2026_06::top50 ptcg::meta::2026_06::top10,unresolved_print_locator,,,,
ASC-196,ASC,196,https://limitlesstcg.com/cards/ASC/196,True,True,1,44,Dragapult | Ogerpon Meganium | Alakazam | N's Zoroark | Raging Bolt | Slowking | Mega Greninja | Basic Box | Rocket's Honchkrow | Beedrill | Festival Lead | Rocket's Mewtwo | Mega Starmie | Mega Lopunny | Cynthia's Garchomp | Hop's Trevenant | Ethan's Typhlosion | Greninja | Metagross | Ceruledge | Marnie's Grimmsnarl | Archaludon | Steven's Metagross | Mega Diancie | Kangaskhan Bouffalant | Okidogi | Mega Venusaur | Tera Box | Mega Absol Box | Flareon | Doublade | Toxtricity | Eelektrik | Bloodmoon Ursaluna | Mega Sharpedo | Rocket's Spidops | Decidueye | Mega Froslass | Bronzong | Joltik Box | Palafin | Sylveon | Froslass Munkidori | Mega Charizard X,1 | 2 | 3 | 4 | 5 | 6 | 8 | 9 | 10 | 12 | 13 | 14 | 15 | 16 | 17 | 18 | 19 | 20 | 22 | 23 | 24 | 25 | 26 | 27 | 28 | 29 | 30 | 31 | 32 | 33 | 34 | 35 | 36 | 37 | 39 | 40 | 41 | 42 | 44 | 45 | 46 | 47 | 48 | 50,Dragapult:2 | Ogerpon Meganium:1 | Alakazam:1 | N's Zoroark:2 | Raging Bolt:2 | Slowking:2 | Mega Greninja:1 | Basic Box:2 | Rocket's Honchkrow:3 | Beedrill:1 | Festival Lead:2 | Rocket's Mewtwo:3 | Mega Starmie:1 | Mega Lopunny:1 | Cynthia's Garchomp:2 | Hop's Trevenant:3 | Ethan's Typhlosion:2 | Greninja:1 | Metagross:2 | Ceruledge:3 | Marnie's Grimmsnarl:3 | Archaludon:4 | Steven's Metagross:2 | Mega Diancie:2 | Kangaskhan Bouffalant:2 | Okidogi:2 | Mega Venusaur:2 | Tera Box:2 | Mega Absol Box:3 | Flareon:2 | Doublade:2 | Toxtricity:3 | Eelektrik:2 | Bloodmoon Ursaluna:4 | Mega Sharpedo:2 | Rocket's Spidops:1 | Decidueye:2 | Mega Froslass:2 | Bronzong:2 | Joltik Box:2 | Palafin:1 | Sylveon:2 | Froslass Munkidori:4 | Mega Charizard X:1,ptcg::archetype::dragapult ptcg::archetype::ogerpon_meganium ptcg::archetype::alakazam ptcg::archetype::n_s_zoroark ptcg::archetype::raging_bolt ptcg::archetype::slowking ptcg::archetype::mega_greninja ptcg::archetype::basic_box ptcg::archetype::rocket_s_honchkrow ptcg::archetype::beedrill ptcg::archetype::festival_lead ptcg::archetype::rocket_s_mewtwo ptcg::archetype::mega_starmie ptcg::archetype::mega_lopunny ptcg::archetype::cynthia_s_garchomp ptcg::archetype::hop_s_trevenant ptcg::archetype::ethan_s_typhlosion ptcg::archetype::greninja ptcg::archetype::metagross ptcg::archetype::ceruledge ptcg::archetype::marnie_s_grimmsnarl ptcg::archetype::archaludon ptcg::archetype::steven_s_metagross ptcg::archetype::mega_diancie ptcg::archetype::kangaskhan_bouffalant ptcg::archetype::okidogi ptcg::archetype::mega_venusaur ptcg::archetype::tera_box ptcg::archetype::mega_absol_box ptcg::archetype::flareon ptcg::archetype::doublade ptcg::archetype::toxtricity ptcg::archetype::eelektrik ptcg::archetype::bloodmoon_ursaluna ptcg::archetype::mega_sharpedo ptcg::archetype::rocket_s_spidops ptcg::archetype::decidueye ptcg::archetype::mega_froslass ptcg::archetype::bronzong ptcg::archetype::joltik_box ptcg::archetype::palafin ptcg::archetype::sylveon ptcg::archetype::froslass_munkidori ptcg::archetype::mega_charizard_x ptcg::meta::2026_06::top50 ptcg::meta::2026_06::top10,unresolved_print_locator,,,,
ASC-210,ASC,210,https://limitlesstcg.com/cards/ASC/210,True,True,1,9,Dragapult | Cynthia's Garchomp | Steven's Metagross | Mega Absol Box | Toxtricity | Eelektrik | Mega Sharpedo | Bronzong | Mega Charizard X,1 | 17 | 26 | 32 | 35 | 36 | 39 | 44 | 50,Dragapult:1 | Cynthia's Garchomp:1 | Steven's Metagross:1 | Mega Absol Box:1 | Toxtricity:1 | Eelektrik:1 | Mega Sharpedo:2 | Bronzong:1 | Mega Charizard X:1,ptcg::archetype::dragapult ptcg::archetype::cynthia_s_garchomp ptcg::archetype::steven_s_metagross ptcg::archetype::mega_absol_box ptcg::archetype::toxtricity ptcg::archetype::eelektrik ptcg::archetype::mega_sharpedo ptcg::archetype::bronzong ptcg::archetype::mega_charizard_x ptcg::meta::2026_06::top50 ptcg::meta::2026_06::top10,unresolved_print_locator,,,,
ASC-99,ASC,99,https://limitlesstcg.com/cards/ASC/99,True,True,1,15,Dragapult | N's Zoroark | Basic Box | Mega Starmie | Marnie's Grimmsnarl | Kangaskhan Bouffalant | Mega Absol Box | Toxtricity | Bloodmoon Ursaluna | Mega Sharpedo | Mega Froslass | Bronzong | Palafin | Sylveon | Froslass Munkidori,1 | 4 | 9 | 15 | 24 | 28 | 32 | 35 | 37 | 39 | 42 | 44 | 46 | 47 | 48,Dragapult:1 | N's Zoroark:1 | Basic Box:2 | Mega Starmie:3 | Marnie's Grimmsnarl:4 | Kangaskhan Bouffalant:2 | Mega Absol Box:3 | Toxtricity:3 | Bloodmoon Ursaluna:3 | Mega Sharpedo:2 | Mega Froslass:3 | Bronzong:3 | Palafin:1 | Sylveon:1 | Froslass Munkidori:4,ptcg::archetype::dragapult ptcg::archetype::n_s_zoroark ptcg::archetype::basic_box ptcg::archetype::mega_starmie ptcg::archetype::marnie_s_grimmsnarl ptcg::archetype::kangaskhan_bouffalant ptcg::archetype::mega_absol_box ptcg::archetype::toxtricity ptcg::archetype::bloodmoon_ursaluna ptcg::archetype::mega_sharpedo ptcg::archetype::mega_froslass ptcg::archetype::bronzong ptcg::archetype::palafin ptcg::archetype::sylveon ptcg::archetype::froslass_munkidori ptcg::meta::2026_06::top50 ptcg::meta::2026_06::top10,unresolved_print_locator,,,,
CRI-82,CRI,82,https://limitlesstcg.com/cards/CRI/82,True,True,1,23,Dragapult | Ogerpon Meganium | N's Zoroark | Mega Lucario | Mega Greninja | Basic Box | Beedrill | Greninja | Metagross | Marnie's Grimmsnarl | Archaludon | Mega Diancie | Kangaskhan Bouffalant | Okidogi | Tera Box | Mega Absol Box | Flareon | Toxtricity | Eelektrik | Bloodmoon Ursaluna | Joltik Box | Palafin | Mega Charizard X,1 | 2 | 4 | 7 | 8 | 9 | 12 | 20 | 22 | 24 | 25 | 27 | 28 | 29 | 31 | 32 | 33 | 35 | 36 | 37 | 45 | 46 | 50,Dragapult:1 | Ogerpon Meganium:1 | N's Zoroark:1 | Mega Lucario:1 | Mega Greninja:1 | Basic Box:1 | Beedrill:1 | Greninja:1 | Metagross:1 | Marnie's Grimmsnarl:1 | Archaludon:1 | Mega Diancie:1 | Kangaskhan Bouffalant:1 | Okidogi:1 | Tera Box:1 | Mega Absol Box:2 | Flareon:1 | Toxtricity:1 | Eelektrik:1 | Bloodmoon Ursaluna:1 | Joltik Box:1 | Palafin:1 | Mega Charizard X:1,ptcg::archetype::dragapult ptcg::archetype::ogerpon_meganium ptcg::archetype::n_s_zoroark ptcg::archetype::mega_lucario ptcg::archetype::mega_greninja ptcg::archetype::basic_box ptcg::archetype::beedrill ptcg::archetype::greninja ptcg::archetype::metagross ptcg::archetype::marnie_s_grimmsnarl ptcg::archetype::archaludon ptcg::archetype::mega_diancie ptcg::archetype::kangaskhan_bouffalant ptcg::archetype::okidogi ptcg::archetype::tera_box ptcg::archetype::mega_absol_box ptcg::archetype::flareon ptcg::archetype::toxtricity ptcg::archetype::eelektrik ptcg::archetype::bloodmoon_ursaluna ptcg::archetype::joltik_box ptcg::archetype::palafin ptcg::archetype::mega_charizard_x ptcg::meta::2026_06::top50 ptcg::meta::2026_06::top10,unresolved_print_locator,,,,
MEE-2,MEE,2,https://limitlesstcg.com/cards/MEE/2,True,True,1,9,Dragapult | Basic Box | Mega Lopunny | Ethan's Typhlosion | Lillie's Clefairy | Ceruledge | Mega Absol Box | Flareon | Mega Charizard X,1 | 9 | 16 | 19 | 21 | 23 | 32 | 33 | 50,Dragapult:3 | Basic Box:1 | Mega Lopunny:1 | Ethan's Typhlosion:5 | Lillie's Clefairy:1 | Ceruledge:6 | Mega Absol Box:2 | Flareon:2 | Mega Charizard X:10,ptcg::archetype::dragapult ptcg::archetype::basic_box ptcg::archetype::mega_lopunny ptcg::archetype::ethan_s_typhlosion ptcg::archetype::lillie_s_clefairy ptcg::archetype::ceruledge ptcg::archetype::mega_absol_box ptcg::archetype::flareon ptcg::archetype::mega_charizard_x ptcg::meta::2026_06::top50 ptcg::meta::2026_06::top10,unresolved_print_locator,,,,
MEE-5,MEE,5,https://limitlesstcg.com/cards/MEE/5,True,True,1,18,Dragapult | Alakazam | Raging Bolt | Slowking | Basic Box | Rocket's Mewtwo | Lillie's Clefairy | Steven's Metagross | Mega Diancie | Kangaskhan Bouffalant | Tera Box | Flareon | Mega Manectric | Rocket's Spidops | Bronzong | Joltik Box | Sylveon | Hydreigon,1 | 3 | 5 | 6 | 9 | 14 | 21 | 26 | 27 | 28 | 31 | 33 | 38 | 40 | 44 | 45 | 47 | 49,Dragapult:3 | Alakazam:1 | Raging Bolt:2 | Slowking:4 | Basic Box:2 | Rocket's Mewtwo:1 | Lillie's Clefairy:4 | Steven's Metagross:5 | Mega Diancie:8 | Kangaskhan Bouffalant:5 | Tera Box:2 | Flareon:2 | Mega Manectric:2 | Rocket's Spidops:1 | Bronzong:3 | Joltik Box:2 | Sylveon:4 | Hydreigon:2,ptcg::archetype::dragapult ptcg::archetype::alakazam ptcg::archetype::raging_bolt ptcg::archetype::slowking ptcg::archetype::basic_box ptcg::archetype::rocket_s_mewtwo ptcg::archetype::lillie_s_clefairy ptcg::archetype::steven_s_metagross ptcg::archetype::mega_diancie ptcg::archetype::kangaskhan_bouffalant ptcg::archetype::tera_box ptcg::archetype::flareon ptcg::archetype::mega_manectric ptcg::archetype::rocket_s_spidops ptcg::archetype::bronzong ptcg::archetype::joltik_box ptcg::archetype::sylveon ptcg::archetype::hydreigon ptcg::meta::2026_06::top50 ptcg::meta::2026_06::top10,unresolved_print_locator,,,,
MEE-7,MEE,7,https://limitlesstcg.com/cards/MEE/7,True,True,1,16,Dragapult | N's Zoroark | Basic Box | Mega Starmie | Marnie's Grimmsnarl | Kangaskhan Bouffalant | Mega Absol Box | Toxtricity | Bloodmoon Ursaluna | Mega Sharpedo | Mega Froslass | Bronzong | Palafin | Sylveon | Froslass Munkidori | Hydreigon,1 | 4 | 9 | 15 | 24 | 28 | 32 | 35 | 37 | 39 | 42 | 44 | 46 | 47 | 48 | 49,Dragapult:2 | N's Zoroark:7 | Basic Box:2 | Mega Starmie:3 | Marnie's Grimmsnarl:9 | Kangaskhan Bouffalant:3 | Mega Absol Box:8 | Toxtricity:11 | Bloodmoon Ursaluna:3 | Mega Sharpedo:9 | Mega Froslass:4 | Bronzong:3 | Palafin:2 | Sylveon:3 | Froslass Munkidori:5 | Hydreigon:4,ptcg::archetype::dragapult ptcg::archetype::n_s_zoroark ptcg::archetype::basic_box ptcg::archetype::mega_starmie ptcg::archetype::marnie_s_grimmsnarl ptcg::archetype::kangaskhan_bouffalant ptcg::archetype::mega_absol_box ptcg::archetype::toxtricity ptcg::archetype::bloodmoon_ursaluna ptcg::archetype::mega_sharpedo ptcg::archetype::mega_froslass ptcg::archetype::bronzong ptcg::archetype::palafin ptcg::archetype::sylveon ptcg::archetype::froslass_munkidori ptcg::archetype::hydreigon ptcg::meta::2026_06::top50 ptcg::meta::2026_06::top10,unresolved_print_locator,,,,
MEG-114,MEG,114,https://limitlesstcg.com/cards/MEG/114,True,True,1,46,Dragapult | Ogerpon Meganium | Alakazam | N's Zoroark | Raging Bolt | Mega Lucario | Mega Greninja | Basic Box | Crustle | Beedrill | Festival Lead | Mega Starmie | Mega Lopunny | Cynthia's Garchomp | Hop's Trevenant | Ethan's Typhlosion | Greninja | Lillie's Clefairy | Metagross | Ceruledge | Marnie's Grimmsnarl | Archaludon | Steven's Metagross | Mega Diancie | Kangaskhan Bouffalant | Okidogi | Mega Venusaur | Tera Box | Mega Absol Box | Flareon | Doublade | Toxtricity | Eelektrik | Bloodmoon Ursaluna | Mega Manectric | Mega Sharpedo | Decidueye | Mega Froslass | Mega Abomasnow | Bronzong | Joltik Box | Palafin | Sylveon | Froslass Munkidori | Hydreigon | Mega Charizard X,1 | 2 | 3 | 4 | 5 | 7 | 8 | 9 | 11 | 12 | 13 | 15 | 16 | 17 | 18 | 19 | 20 | 21 | 22 | 23 | 24 | 25 | 26 | 27 | 28 | 29 | 30 | 31 | 32 | 33 | 34 | 35 | 36 | 37 | 38 | 39 | 41 | 42 | 43 | 44 | 45 | 46 | 47 | 48 | 49 | 50,Dragapult:2 | Ogerpon Meganium:2 | Alakazam:2 | N's Zoroark:3 | Raging Bolt:2 | Mega Lucario:4 | Mega Greninja:2 | Basic Box:3 | Crustle:4 | Beedrill:2 | Festival Lead:2 | Mega Starmie:3 | Mega Lopunny:4 | Cynthia's Garchomp:4 | Hop's Trevenant:3 | Ethan's Typhlosion:2 | Greninja:2 | Lillie's Clefairy:3 | Metagross:2 | Ceruledge:1 | Marnie's Grimmsnarl:3 | Archaludon:3 | Steven's Metagross:2 | Mega Diancie:3 | Kangaskhan Bouffalant:4 | Okidogi:4 | Mega Venusaur:2 | Tera Box:2 | Mega Absol Box:4 | Flareon:3 | Doublade:2 | Toxtricity:3 | Eelektrik:3 | Bloodmoon Ursaluna:2 | Mega Manectric:2 | Mega Sharpedo:3 | Decidueye:2 | Mega Froslass:3 | Mega Abomasnow:2 | Bronzong:1 | Joltik Box:4 | Palafin:3 | Sylveon:4 | Froslass Munkidori:2 | Hydreigon:2 | Mega Charizard X:1,ptcg::archetype::dragapult ptcg::archetype::ogerpon_meganium ptcg::archetype::alakazam ptcg::archetype::n_s_zoroark ptcg::archetype::raging_bolt ptcg::archetype::mega_lucario ptcg::archetype::mega_greninja ptcg::archetype::basic_box ptcg::archetype::crustle ptcg::archetype::beedrill ptcg::archetype::festival_lead ptcg::archetype::mega_starmie ptcg::archetype::mega_lopunny ptcg::archetype::cynthia_s_garchomp ptcg::archetype::hop_s_trevenant ptcg::archetype::ethan_s_typhlosion ptcg::archetype::greninja ptcg::archetype::lillie_s_clefairy ptcg::archetype::metagross ptcg::archetype::ceruledge ptcg::archetype::marnie_s_grimmsnarl ptcg::archetype::archaludon ptcg::archetype::steven_s_metagross ptcg::archetype::mega_diancie ptcg::archetype::kangaskhan_bouffalant ptcg::archetype::okidogi ptcg::archetype::mega_venusaur ptcg::archetype::tera_box ptcg::archetype::mega_absol_box ptcg::archetype::flareon ptcg::archetype::doublade ptcg::archetype::toxtricity ptcg::archetype::eelektrik ptcg::archetype::bloodmoon_ursaluna ptcg::archetype::mega_manectric ptcg::archetype::mega_sharpedo ptcg::archetype::decidueye ptcg::archetype::mega_froslass ptcg::archetype::mega_abomasnow ptcg::archetype::bronzong ptcg::archetype::joltik_box ptcg::archetype::palafin ptcg::archetype::sylveon ptcg::archetype::froslass_munkidori ptcg::archetype::hydreigon ptcg::archetype::mega_charizard_x ptcg::meta::2026_06::top50 ptcg::meta::2026_06::top10,unresolved_print_locator,,,,
MEG-119,MEG,119,https://limitlesstcg.com/cards/MEG/119,True,True,1,39,Dragapult | Ogerpon Meganium | N's Zoroark | Raging Bolt | Slowking | Mega Lucario | Mega Greninja | Basic Box | Crustle | Beedrill | Festival Lead | Rocket's Mewtwo | Mega Starmie | Mega Lopunny | Cynthia's Garchomp | Hop's Trevenant | Ethan's Typhlosion | Greninja | Marnie's Grimmsnarl | Archaludon | Steven's Metagross | Mega Diancie | Okidogi | Mega Venusaur | Mega Absol Box | Doublade | Toxtricity | Eelektrik | Bloodmoon Ursaluna | Mega Manectric | Mega Sharpedo | Rocket's Spidops | Decidueye | Mega Froslass | Bronzong | Palafin | Sylveon | Froslass Munkidori | Mega Charizard X,1 | 2 | 4 | 5 | 6 | 7 | 8 | 9 | 11 | 12 | 13 | 14 | 15 | 16 | 17 | 18 | 19 | 20 | 24 | 25 | 26 | 27 | 29 | 30 | 32 | 34 | 35 | 36 | 37 | 38 | 39 | 40 | 41 | 42 | 44 | 46 | 47 | 48 | 50,Dragapult:4 | Ogerpon Meganium:4 | N's Zoroark:4 | Raging Bolt:1 | Slowking:4 | Mega Lucario:4 | Mega Greninja:4 | Basic Box:1 | Crustle:4 | Beedrill:4 | Festival Lead:4 | Rocket's Mewtwo:4 | Mega Starmie:4 | Mega Lopunny:4 | Cynthia's Garchomp:4 | Hop's Trevenant:4 | Ethan's Typhlosion:2 | Greninja:4 | Marnie's Grimmsnarl:4 | Archaludon:4 | Steven's Metagross:4 | Mega Diancie:4 | Okidogi:4 | Mega Venusaur:4 | Mega Absol Box:2 | Doublade:3 | Toxtricity:4 | Eelektrik:4 | Bloodmoon Ursaluna:4 | Mega Manectric:4 | Mega Sharpedo:4 | Rocket's Spidops:3 | Decidueye:3 | Mega Froslass:3 | Bronzong:4 | Palafin:4 | Sylveon:4 | Froslass Munkidori:4 | Mega Charizard X:4,ptcg::archetype::dragapult ptcg::archetype::ogerpon_meganium ptcg::archetype::n_s_zoroark ptcg::archetype::raging_bolt ptcg::archetype::slowking ptcg::archetype::mega_lucario ptcg::archetype::mega_greninja ptcg::archetype::basic_box ptcg::archetype::crustle ptcg::archetype::beedrill ptcg::archetype::festival_lead ptcg::archetype::rocket_s_mewtwo ptcg::archetype::mega_starmie ptcg::archetype::mega_lopunny ptcg::archetype::cynthia_s_garchomp ptcg::archetype::hop_s_trevenant ptcg::archetype::ethan_s_typhlosion ptcg::archetype::greninja ptcg::archetype::marnie_s_grimmsnarl ptcg::archetype::archaludon ptcg::archetype::steven_s_metagross ptcg::archetype::mega_diancie ptcg::archetype::okidogi ptcg::archetype::mega_venusaur ptcg::archetype::mega_absol_box ptcg::archetype::doublade ptcg::archetype::toxtricity ptcg::archetype::eelektrik ptcg::archetype::bloodmoon_ursaluna ptcg::archetype::mega_manectric ptcg::archetype::mega_sharpedo ptcg::archetype::rocket_s_spidops ptcg::archetype::decidueye ptcg::archetype::mega_froslass ptcg::archetype::bronzong ptcg::archetype::palafin ptcg::archetype::sylveon ptcg::archetype::froslass_munkidori ptcg::archetype::mega_charizard_x ptcg::meta::2026_06::top50 ptcg::meta::2026_06::top10,unresolved_print_locator,,,,
MEG-131,MEG,131,https://limitlesstcg.com/cards/MEG/131,True,True,1,40,Dragapult | Ogerpon Meganium | N's Zoroark | Raging Bolt | Slowking | Mega Lucario | Mega Greninja | Basic Box | Rocket's Honchkrow | Crustle | Beedrill | Rocket's Mewtwo | Mega Starmie | Mega Lopunny | Hop's Trevenant | Ethan's Typhlosion | Greninja | Lillie's Clefairy | Metagross | Ceruledge | Archaludon | Steven's Metagross | Mega Diancie | Mega Venusaur | Tera Box | Mega Absol Box | Flareon | Toxtricity | Eelektrik | Mega Manectric | Mega Sharpedo | Rocket's Spidops | Decidueye | Mega Froslass | Mega Abomasnow | Bronzong | Joltik Box | Palafin | Hydreigon | Mega Charizard X,1 | 2 | 4 | 5 | 6 | 7 | 8 | 9 | 10 | 11 | 12 | 14 | 15 | 16 | 18 | 19 | 20 | 21 | 22 | 23 | 25 | 26 | 27 | 30 | 31 | 32 | 33 | 35 | 36 | 38 | 39 | 40 | 41 | 42 | 43 | 44 | 45 | 46 | 49 | 50,Dragapult:4 | Ogerpon Meganium:2 | N's Zoroark:3 | Raging Bolt:4 | Slowking:4 | Mega Lucario:2 | Mega Greninja:3 | Basic Box:4 | Rocket's Honchkrow:1 | Crustle:1 | Beedrill:4 | Rocket's Mewtwo:4 | Mega Starmie:4 | Mega Lopunny:4 | Hop's Trevenant:1 | Ethan's Typhlosion:4 | Greninja:3 | Lillie's Clefairy:4 | Metagross:2 | Ceruledge:4 | Archaludon:4 | Steven's Metagross:3 | Mega Diancie:4 | Mega Venusaur:3 | Tera Box:4 | Mega Absol Box:1 | Flareon:4 | Toxtricity:1 | Eelektrik:2 | Mega Manectric:4 | Mega Sharpedo:4 | Rocket's Spidops:4 | Decidueye:1 | Mega Froslass:2 | Mega Abomasnow:4 | Bronzong:3 | Joltik Box:4 | Palafin:3 | Hydreigon:2 | Mega Charizard X:4,ptcg::archetype::dragapult ptcg::archetype::ogerpon_meganium ptcg::archetype::n_s_zoroark ptcg::archetype::raging_bolt ptcg::archetype::slowking ptcg::archetype::mega_lucario ptcg::archetype::mega_greninja ptcg::archetype::basic_box ptcg::archetype::rocket_s_honchkrow ptcg::archetype::crustle ptcg::archetype::beedrill ptcg::archetype::rocket_s_mewtwo ptcg::archetype::mega_starmie ptcg::archetype::mega_lopunny ptcg::archetype::hop_s_trevenant ptcg::archetype::ethan_s_typhlosion ptcg::archetype::greninja ptcg::archetype::lillie_s_clefairy ptcg::archetype::metagross ptcg::archetype::ceruledge ptcg::archetype::archaludon ptcg::archetype::steven_s_metagross ptcg::archetype::mega_diancie ptcg::archetype::mega_venusaur ptcg::archetype::tera_box ptcg::archetype::mega_absol_box ptcg::archetype::flareon ptcg::archetype::toxtricity ptcg::archetype::eelektrik ptcg::archetype::mega_manectric ptcg::archetype::mega_sharpedo ptcg::archetype::rocket_s_spidops ptcg::archetype::decidueye ptcg::archetype::mega_froslass ptcg::archetype::mega_abomasnow ptcg::archetype::bronzong ptcg::archetype::joltik_box ptcg::archetype::palafin ptcg::archetype::hydreigon ptcg::archetype::mega_charizard_x ptcg::meta::2026_06::top50 ptcg::meta::2026_06::top10,unresolved_print_locator,,,,
PFL-87,PFL,87,https://limitlesstcg.com/cards/PFL/87,True,True,1,9,Dragapult | Ogerpon Meganium | Alakazam | Beedrill | Festival Lead | Decidueye | Mega Abomasnow | Hydreigon | Mega Charizard X,1 | 2 | 3 | 12 | 13 | 41 | 43 | 49 | 50,Dragapult:1 | Ogerpon Meganium:2 | Alakazam:4 | Beedrill:3 | Festival Lead:1 | Decidueye:3 | Mega Abomasnow:4 | Hydreigon:2 | Mega Charizard X:3,ptcg::archetype::dragapult ptcg::archetype::ogerpon_meganium ptcg::archetype::alakazam ptcg::archetype::beedrill ptcg::archetype::festival_lead ptcg::archetype::decidueye ptcg::archetype::mega_abomasnow ptcg::archetype::hydreigon ptcg::archetype::mega_charizard_x ptcg::meta::2026_06::top50 ptcg::meta::2026_06::top10,unresolved_print_locator,,,,
POR-62,POR,62,https://limitlesstcg.com/cards/POR/62,True,True,1,19,Dragapult | Ogerpon Meganium | N's Zoroark | Raging Bolt | Slowking | Mega Greninja | Basic Box | Mega Starmie | Greninja | Lillie's Clefairy | Metagross | Archaludon | Steven's Metagross | Mega Diancie | Mega Manectric | Bronzong | Joltik Box | Palafin | Mega Charizard X,1 | 2 | 4 | 5 | 6 | 8 | 9 | 15 | 20 | 21 | 22 | 25 | 26 | 27 | 38 | 44 | 45 | 46 | 50,Dragapult:1 | Ogerpon Meganium:1 | N's Zoroark:1 | Raging Bolt:3 | Slowking:1 | Mega Greninja:1 | Basic Box:3 | Mega Starmie:1 | Greninja:1 | Lillie's Clefairy:4 | Metagross:1 | Archaludon:1 | Steven's Metagross:1 | Mega Diancie:1 | Mega Manectric:1 | Bronzong:1 | Joltik Box:2 | Palafin:1 | Mega Charizard X:1,ptcg::archetype::dragapult ptcg::archetype::ogerpon_meganium ptcg::archetype::n_s_zoroark ptcg::archetype::raging_bolt ptcg::archetype::slowking ptcg::archetype::mega_greninja ptcg::archetype::basic_box ptcg::archetype::mega_starmie ptcg::archetype::greninja ptcg::archetype::lillie_s_clefairy ptcg::archetype::metagross ptcg::archetype::archaludon ptcg::archetype::steven_s_metagross ptcg::archetype::mega_diancie ptcg::archetype::mega_manectric ptcg::archetype::bronzong ptcg::archetype::joltik_box ptcg::archetype::palafin ptcg::archetype::mega_charizard_x ptcg::meta::2026_06::top50 ptcg::meta::2026_06::top10,unresolved_print_locator,,,,
POR-71,POR,71,https://limitlesstcg.com/cards/POR/71,True,True,1,1,Dragapult,1,Dragapult:4,ptcg::archetype::dragapult ptcg::meta::2026_06::top50 ptcg::meta::2026_06::top10,unresolved_print_locator,,,,
POR-81,POR,81,https://limitlesstcg.com/cards/POR/81,True,True,1,38,Dragapult | Ogerpon Meganium | Alakazam | N's Zoroark | Slowking | Mega Lucario | Mega Greninja | Rocket's Honchkrow | Beedrill | Festival Lead | Mega Starmie | Mega Lopunny | Cynthia's Garchomp | Hop's Trevenant | Ethan's Typhlosion | Greninja | Ceruledge | Marnie's Grimmsnarl | Archaludon | Mega Diancie | Okidogi | Mega Venusaur | Tera Box | Flareon | Doublade | Toxtricity | Eelektrik | Bloodmoon Ursaluna | Mega Sharpedo | Rocket's Spidops | Decidueye | Mega Froslass | Bronzong | Palafin | Sylveon | Froslass Munkidori | Hydreigon | Mega Charizard X,1 | 2 | 3 | 4 | 6 | 7 | 8 | 10 | 12 | 13 | 15 | 16 | 17 | 18 | 19 | 20 | 23 | 24 | 25 | 27 | 29 | 30 | 31 | 33 | 34 | 35 | 36 | 37 | 39 | 40 | 41 | 42 | 44 | 46 | 47 | 48 | 49 | 50,Dragapult:4 | Ogerpon Meganium:2 | Alakazam:4 | N's Zoroark:1 | Slowking:4 | Mega Lucario:4 | Mega Greninja:4 | Rocket's Honchkrow:4 | Beedrill:4 | Festival Lead:4 | Mega Starmie:4 | Mega Lopunny:4 | Cynthia's Garchomp:3 | Hop's Trevenant:4 | Ethan's Typhlosion:2 | Greninja:3 | Ceruledge:3 | Marnie's Grimmsnarl:4 | Archaludon:4 | Mega Diancie:1 | Okidogi:4 | Mega Venusaur:2 | Tera Box:2 | Flareon:4 | Doublade:4 | Toxtricity:4 | Eelektrik:4 | Bloodmoon Ursaluna:4 | Mega Sharpedo:3 | Rocket's Spidops:1 | Decidueye:4 | Mega Froslass:4 | Bronzong:4 | Palafin:3 | Sylveon:2 | Froslass Munkidori:4 | Hydreigon:3 | Mega Charizard X:3,ptcg::archetype::dragapult ptcg::archetype::ogerpon_meganium ptcg::archetype::alakazam ptcg::archetype::n_s_zoroark ptcg::archetype::slowking ptcg::archetype::mega_lucario ptcg::archetype::mega_greninja ptcg::archetype::rocket_s_honchkrow ptcg::archetype::beedrill ptcg::archetype::festival_lead ptcg::archetype::mega_starmie ptcg::archetype::mega_lopunny ptcg::archetype::cynthia_s_garchomp ptcg::archetype::hop_s_trevenant ptcg::archetype::ethan_s_typhlosion ptcg::archetype::greninja ptcg::archetype::ceruledge ptcg::archetype::marnie_s_grimmsnarl ptcg::archetype::archaludon ptcg::archetype::mega_diancie ptcg::archetype::okidogi ptcg::archetype::mega_venusaur ptcg::archetype::tera_box ptcg::archetype::flareon ptcg::archetype::doublade ptcg::archetype::toxtricity ptcg::archetype::eelektrik ptcg::archetype::bloodmoon_ursaluna ptcg::archetype::mega_sharpedo ptcg::archetype::rocket_s_spidops ptcg::archetype::decidueye ptcg::archetype::mega_froslass ptcg::archetype::bronzong ptcg::archetype::palafin ptcg::archetype::sylveon ptcg::archetype::froslass_munkidori ptcg::archetype::hydreigon ptcg::archetype::mega_charizard_x ptcg::meta::2026_06::top50 ptcg::meta::2026_06::top10,unresolved_print_locator,,,,
PRE-35,PRE,35,https://limitlesstcg.com/cards/PRE/35,True,True,1,3,Dragapult | Greninja | Mega Diancie,1 | 20 | 27,Dragapult:2 | Greninja:2 | Mega Diancie:2,ptcg::archetype::dragapult ptcg::archetype::greninja ptcg::archetype::mega_diancie ptcg::meta::2026_06::top50 ptcg::meta::2026_06::top10,unresolved_print_locator,,,,
PRE-36,PRE,36,https://limitlesstcg.com/cards/PRE/36,True,True,1,3,Dragapult | Greninja | Mega Diancie,1 | 20 | 27,Dragapult:2 | Greninja:1 | Mega Diancie:2,ptcg::archetype::dragapult ptcg::archetype::greninja ptcg::archetype::mega_diancie ptcg::meta::2026_06::top50 ptcg::meta::2026_06::top10,unresolved_print_locator,,,,
PRE-37,PRE,37,https://limitlesstcg.com/cards/PRE/37,True,True,1,3,Dragapult | Greninja | Mega Diancie,1 | 20 | 27,Dragapult:1 | Greninja:1 | Mega Diancie:2,ptcg::archetype::dragapult ptcg::archetype::greninja ptcg::archetype::mega_diancie ptcg::meta::2026_06::top50 ptcg::meta::2026_06::top10,unresolved_print_locator,,,,
SCR-133,SCR,133,https://limitlesstcg.com/cards/SCR/133,True,True,1,17,Dragapult | Raging Bolt | Basic Box | Mega Starmie | Lillie's Clefairy | Kangaskhan Bouffalant | Tera Box | Flareon | Eelektrik | Bloodmoon Ursaluna | Mega Manectric | Mega Froslass | Bronzong | Joltik Box | Palafin | Sylveon | Hydreigon,1 | 5 | 9 | 15 | 21 | 28 | 31 | 33 | 36 | 37 | 38 | 42 | 44 | 45 | 46 | 47 | 49,Dragapult:3 | Raging Bolt:4 | Basic Box:4 | Mega Starmie:1 | Lillie's Clefairy:4 | Kangaskhan Bouffalant:1 | Tera Box:4 | Flareon:1 | Eelektrik:3 | Bloodmoon Ursaluna:2 | Mega Manectric:4 | Mega Froslass:2 | Bronzong:2 | Joltik Box:4 | Palafin:1 | Sylveon:3 | Hydreigon:2,ptcg::archetype::dragapult ptcg::archetype::raging_bolt ptcg::archetype::basic_box ptcg::archetype::mega_starmie ptcg::archetype::lillie_s_clefairy ptcg::archetype::kangaskhan_bouffalant ptcg::archetype::tera_box ptcg::archetype::flareon ptcg::archetype::eelektrik ptcg::archetype::bloodmoon_ursaluna ptcg::archetype::mega_manectric ptcg::archetype::mega_froslass ptcg::archetype::bronzong ptcg::archetype::joltik_box ptcg::archetype::palafin ptcg::archetype::sylveon ptcg::archetype::hydreigon ptcg::meta::2026_06::top50 ptcg::meta::2026_06::top10,unresolved_print_locator,,,,
TWM-150,TWM,150,https://limitlesstcg.com/cards/TWM/150,True,True,1,5,Dragapult | Alakazam | Crustle | Kangaskhan Bouffalant | Sylveon,1 | 3 | 11 | 28 | 47,Dragapult:1 | Alakazam:1 | Crustle:1 | Kangaskhan Bouffalant:2 | Sylveon:1,ptcg::archetype::dragapult ptcg::archetype::alakazam ptcg::archetype::crustle ptcg::archetype::kangaskhan_bouffalant ptcg::archetype::sylveon ptcg::meta::2026_06::top50 ptcg::meta::2026_06::top10,unresolved_print_locator,,,,
TWM-153,TWM,153,https://limitlesstcg.com/cards/TWM/153,True,True,1,5,Dragapult | Mega Lucario | Greninja | Mega Manectric | Bronzong,1 | 7 | 20 | 38 | 44,Dragapult:1 | Mega Lucario:1 | Greninja:1 | Mega Manectric:2 | Bronzong:1,ptcg::archetype::dragapult ptcg::archetype::mega_lucario ptcg::archetype::greninja ptcg::archetype::mega_manectric ptcg::archetype::bronzong ptcg::meta::2026_06::top50 ptcg::meta::2026_06::top10,unresolved_print_locator,,,,
TWM-165,TWM,165,https://limitlesstcg.com/cards/TWM/165,True,True,1,7,Dragapult | Ogerpon Meganium | Raging Bolt | Steven's Metagross | Tera Box | Eelektrik | Mega Sharpedo,1 | 2 | 5 | 26 | 31 | 36 | 39,Dragapult:1 | Ogerpon Meganium:1 | Raging Bolt:1 | Steven's Metagross:1 | Tera Box:1 | Eelektrik:1 | Mega Sharpedo:1,ptcg::archetype::dragapult ptcg::archetype::ogerpon_meganium ptcg::archetype::raging_bolt ptcg::archetype::steven_s_metagross ptcg::archetype::tera_box ptcg::archetype::eelektrik ptcg::archetype::mega_sharpedo ptcg::meta::2026_06::top50 ptcg::meta::2026_06::top10,unresolved_print_locator,,,,
ASC-8,ASC,8,https://limitlesstcg.com/cards/ASC/8,True,True,2,1,Ogerpon Meganium,2,Ogerpon Meganium:1,ptcg::archetype::ogerpon_meganium ptcg::meta::2026_06::top50 ptcg::meta::2026_06::top10,unresolved_print_locator,,,,
ASC-9,ASC,9,https://limitlesstcg.com/cards/ASC/9,True,True,2,1,Ogerpon Meganium,2,Ogerpon Meganium:1,ptcg::archetype::ogerpon_meganium ptcg::meta::2026_06::top50 ptcg::meta::2026_06::top10,unresolved_print_locator,,,,
MEE-1,MEE,1,https://limitlesstcg.com/cards/MEE/1,True,True,2,14,Ogerpon Meganium | Raging Bolt | Basic Box | Crustle | Beedrill | Festival Lead | Rocket's Mewtwo | Mega Venusaur | Tera Box | Flareon | Mega Manectric | Rocket's Spidops | Decidueye | Joltik Box,2 | 5 | 9 | 11 | 12 | 13 | 14 | 30 | 31 | 33 | 38 | 40 | 41 | 45,Ogerpon Meganium:14 | Raging Bolt:7 | Basic Box:4 | Crustle:1 | Beedrill:5 | Festival Lead:5 | Rocket's Mewtwo:6 | Mega Venusaur:12 | Tera Box:5 | Flareon:1 | Mega Manectric:4 | Rocket's Spidops:6 | Decidueye:3 | Joltik Box:4,ptcg::archetype::ogerpon_meganium ptcg::archetype::raging_bolt ptcg::archetype::basic_box ptcg::archetype::crustle ptcg::archetype::beedrill ptcg::archetype::festival_lead ptcg::archetype::rocket_s_mewtwo ptcg::archetype::mega_venusaur ptcg::archetype::tera_box ptcg::archetype::flareon ptcg::archetype::mega_manectric ptcg::archetype::rocket_s_spidops ptcg::archetype::decidueye ptcg::archetype::joltik_box ptcg::meta::2026_06::top50 ptcg::meta::2026_06::top10,unresolved_print_locator,,,,
MEG-10,MEG,10,https://limitlesstcg.com/cards/MEG/10,True,True,2,2,Ogerpon Meganium | Mega Venusaur,2 | 30,Ogerpon Meganium:2 | Mega Venusaur:2,ptcg::archetype::ogerpon_meganium ptcg::archetype::mega_venusaur ptcg::meta::2026_06::top50 ptcg::meta::2026_06::top10,unresolved_print_locator,,,,
MEG-117,MEG,117,https://limitlesstcg.com/cards/MEG/117,True,True,2,4,Ogerpon Meganium | Beedrill | Mega Venusaur | Decidueye,2 | 12 | 30 | 41,Ogerpon Meganium:3 | Beedrill:4 | Mega Venusaur:3 | Decidueye:4,ptcg::archetype::ogerpon_meganium ptcg::archetype::beedrill ptcg::archetype::mega_venusaur ptcg::archetype::decidueye ptcg::meta::2026_06::top50 ptcg::meta::2026_06::top10,unresolved_print_locator,,,,
MEG-12,MEG,12,https://limitlesstcg.com/cards/MEG/12,True,True,2,2,Ogerpon Meganium | Mega Venusaur,2 | 30,Ogerpon Meganium:1 | Mega Venusaur:1,ptcg::archetype::ogerpon_meganium ptcg::archetype::mega_venusaur ptcg::meta::2026_06::top50 ptcg::meta::2026_06::top10,unresolved_print_locator,,,,
MEG-8,MEG,8,https://limitlesstcg.com/cards/MEG/8,True,True,2,2,Ogerpon Meganium | Mega Venusaur,2 | 30,Ogerpon Meganium:1 | Mega Venusaur:2,ptcg::archetype::ogerpon_meganium ptcg::archetype::mega_venusaur ptcg::meta::2026_06::top50 ptcg::meta::2026_06::top10,unresolved_print_locator,,,,
MEG-9,MEG,9,https://limitlesstcg.com/cards/MEG/9,True,True,2,2,Ogerpon Meganium | Mega Venusaur,2 | 30,Ogerpon Meganium:1 | Mega Venusaur:2,ptcg::archetype::ogerpon_meganium ptcg::archetype::mega_venusaur ptcg::meta::2026_06::top50 ptcg::meta::2026_06::top10,unresolved_print_locator,,,,
SCR-114,SCR,114,https://limitlesstcg.com/cards/SCR/114,True,True,2,4,Ogerpon Meganium | Tera Box | Flareon | Hydreigon,2 | 31 | 33 | 49,Ogerpon Meganium:1 | Tera Box:2 | Flareon:4 | Hydreigon:3,ptcg::archetype::ogerpon_meganium ptcg::archetype::tera_box ptcg::archetype::flareon ptcg::archetype::hydreigon ptcg::meta::2026_06::top50 ptcg::meta::2026_06::top10,unresolved_print_locator,,,,
SCR-115,SCR,115,https://limitlesstcg.com/cards/SCR/115,True,True,2,4,Ogerpon Meganium | Tera Box | Flareon | Hydreigon,2 | 31 | 33 | 49,Ogerpon Meganium:1 | Tera Box:3 | Flareon:4 | Hydreigon:3,ptcg::archetype::ogerpon_meganium ptcg::archetype::tera_box ptcg::archetype::flareon ptcg::archetype::hydreigon ptcg::meta::2026_06::top50 ptcg::meta::2026_06::top10,unresolved_print_locator,,,,
SCR-132,SCR,132,https://limitlesstcg.com/cards/SCR/132,True,True,2,2,Ogerpon Meganium | Flareon,2 | 33,Ogerpon Meganium:1 | Flareon:1,ptcg::archetype::ogerpon_meganium ptcg::archetype::flareon ptcg::meta::2026_06::top50 ptcg::meta::2026_06::top10,unresolved_print_locator,,,,
SCR-14,SCR,14,https://limitlesstcg.com/cards/SCR/14,True,True,2,1,Ogerpon Meganium,2,Ogerpon Meganium:2,ptcg::archetype::ogerpon_meganium ptcg::meta::2026_06::top50 ptcg::meta::2026_06::top10,unresolved_print_locator,,,,
SFA-6,SFA,6,https://limitlesstcg.com/cards/SFA/6,True,True,2,1,Ogerpon Meganium,2,Ogerpon Meganium:1,ptcg::archetype::ogerpon_meganium ptcg::meta::2026_06::top50 ptcg::meta::2026_06::top10,unresolved_print_locator,,,,
TWM-143,TWM,143,https://limitlesstcg.com/cards/TWM/143,True,True,2,7,Ogerpon Meganium | Beedrill | Festival Lead | Rocket's Mewtwo | Mega Venusaur | Rocket's Spidops | Decidueye,2 | 12 | 13 | 14 | 30 | 40 | 41,Ogerpon Meganium:4 | Beedrill:3 | Festival Lead:4 | Rocket's Mewtwo:2 | Mega Venusaur:3 | Rocket's Spidops:2 | Decidueye:3,ptcg::archetype::ogerpon_meganium ptcg::archetype::beedrill ptcg::archetype::festival_lead ptcg::archetype::rocket_s_mewtwo ptcg::archetype::mega_venusaur ptcg::archetype::rocket_s_spidops ptcg::archetype::decidueye ptcg::meta::2026_06::top50 ptcg::meta::2026_06::top10,unresolved_print_locator,,,,
TWM-155,TWM,155,https://limitlesstcg.com/cards/TWM/155,True,True,2,7,Ogerpon Meganium | Alakazam | Festival Lead | Ethan's Typhlosion | Mega Venusaur | Mega Manectric | Mega Froslass,2 | 3 | 13 | 19 | 30 | 38 | 42,Ogerpon Meganium:1 | Alakazam:1 | Festival Lead:1 | Ethan's Typhlosion:2 | Mega Venusaur:1 | Mega Manectric:1 | Mega Froslass:1,ptcg::archetype::ogerpon_meganium ptcg::archetype::alakazam ptcg::archetype::festival_lead ptcg::archetype::ethan_s_typhlosion ptcg::archetype::mega_venusaur ptcg::archetype::mega_manectric ptcg::archetype::mega_froslass ptcg::meta::2026_06::top50 ptcg::meta::2026_06::top10,unresolved_print_locator,,,,
TWM-17,TWM,17,https://limitlesstcg.com/cards/TWM/17,True,True,2,2,Ogerpon Meganium | Festival Lead,2 | 13,Ogerpon Meganium:2 | Festival Lead:3,ptcg::archetype::ogerpon_meganium ptcg::archetype::festival_lead ptcg::meta::2026_06::top50 ptcg::meta::2026_06::top10,unresolved_print_locator,,,,
TWM-18,TWM,18,https://limitlesstcg.com/cards/TWM/18,True,True,2,2,Ogerpon Meganium | Festival Lead,2 | 13,Ogerpon Meganium:2 | Festival Lead:4,ptcg::archetype::ogerpon_meganium ptcg::archetype::festival_lead ptcg::meta::2026_06::top50 ptcg::meta::2026_06::top10,unresolved_print_locator,,,,
TWM-25,TWM,25,https://limitlesstcg.com/cards/TWM/25,True,True,2,5,Ogerpon Meganium | Raging Bolt | Basic Box | Mega Venusaur | Tera Box,2 | 5 | 9 | 30 | 31,Ogerpon Meganium:4 | Raging Bolt:3 | Basic Box:1 | Mega Venusaur:4 | Tera Box:3,ptcg::archetype::ogerpon_meganium ptcg::archetype::raging_bolt ptcg::archetype::basic_box ptcg::archetype::mega_venusaur ptcg::archetype::tera_box ptcg::meta::2026_06::top50 ptcg::meta::2026_06::top10,unresolved_print_locator,,,,
ASC-181,ASC,181,https://limitlesstcg.com/cards/ASC/181,True,True,3,21,Alakazam | Mega Greninja | Festival Lead | Mega Lopunny | Hop's Trevenant | Metagross | Marnie's Grimmsnarl | Okidogi | Mega Venusaur | Flareon | Doublade | Toxtricity | Eelektrik | Bloodmoon Ursaluna | Decidueye | Mega Froslass | Bronzong | Palafin | Froslass Munkidori | Hydreigon | Mega Charizard X,3 | 8 | 13 | 16 | 18 | 22 | 24 | 29 | 30 | 33 | 34 | 35 | 36 | 37 | 41 | 42 | 44 | 46 | 48 | 49 | 50,Alakazam:1 | Mega Greninja:1 | Festival Lead:1 | Mega Lopunny:3 | Hop's Trevenant:1 | Metagross:1 | Marnie's Grimmsnarl:1 | Okidogi:2 | Mega Venusaur:1 | Flareon:1 | Doublade:2 | Toxtricity:2 | Eelektrik:2 | Bloodmoon Ursaluna:2 | Decidueye:1 | Mega Froslass:1 | Bronzong:1 | Palafin:2 | Froslass Munkidori:1 | Hydreigon:1 | Mega Charizard X:2,ptcg::archetype::alakazam ptcg::archetype::mega_greninja ptcg::archetype::festival_lead ptcg::archetype::mega_lopunny ptcg::archetype::hop_s_trevenant ptcg::archetype::metagross ptcg::archetype::marnie_s_grimmsnarl ptcg::archetype::okidogi ptcg::archetype::mega_venusaur ptcg::archetype::flareon ptcg::archetype::doublade ptcg::archetype::toxtricity ptcg::archetype::eelektrik ptcg::archetype::bloodmoon_ursaluna ptcg::archetype::decidueye ptcg::archetype::mega_froslass ptcg::archetype::bronzong ptcg::archetype::palafin ptcg::archetype::froslass_munkidori ptcg::archetype::hydreigon ptcg::archetype::mega_charizard_x ptcg::meta::2026_06::top50 ptcg::meta::2026_06::top10,unresolved_print_locator,,,,
ASC-197,ASC,197,https://limitlesstcg.com/cards/ASC/197,True,True,3,3,Alakazam | Kangaskhan Bouffalant | Froslass Munkidori,3 | 28 | 48,Alakazam:4 | Kangaskhan Bouffalant:3 | Froslass Munkidori:2,ptcg::archetype::alakazam ptcg::archetype::kangaskhan_bouffalant ptcg::archetype::froslass_munkidori ptcg::meta::2026_06::top50 ptcg::meta::2026_06::top10,unresolved_print_locator,,,,
BLK-40,BLK,40,https://limitlesstcg.com/cards/BLK/40,True,True,3,2,Alakazam | Bronzong,3 | 44,Alakazam:1 | Bronzong:1,ptcg::archetype::alakazam ptcg::archetype::bronzong ptcg::meta::2026_06::top50 ptcg::meta::2026_06::top10,unresolved_print_locator,,,,
DRI-10,DRI,10,https://limitlesstcg.com/cards/DRI/10,True,True,3,12,Alakazam | Festival Lead | Cynthia's Garchomp | Hop's Trevenant | Ethan's Typhlosion | Greninja | Metagross | Mega Venusaur | Doublade | Bloodmoon Ursaluna | Mega Froslass | Mega Charizard X,3 | 13 | 17 | 18 | 19 | 20 | 22 | 30 | 34 | 37 | 42 | 50,Alakazam:1 | Festival Lead:1 | Cynthia's Garchomp:1 | Hop's Trevenant:1 | Ethan's Typhlosion:1 | Greninja:1 | Metagross:1 | Mega Venusaur:1 | Doublade:1 | Bloodmoon Ursaluna:1 | Mega Froslass:1 | Mega Charizard X:1,ptcg::archetype::alakazam ptcg::archetype::festival_lead ptcg::archetype::cynthia_s_garchomp ptcg::archetype::hop_s_trevenant ptcg::archetype::ethan_s_typhlosion ptcg::archetype::greninja ptcg::archetype::metagross ptcg::archetype::mega_venusaur ptcg::archetype::doublade ptcg::archetype::bloodmoon_ursaluna ptcg::archetype::mega_froslass ptcg::archetype::mega_charizard_x ptcg::meta::2026_06::top50 ptcg::meta::2026_06::top10,unresolved_print_locator,,,,
DRI-168,DRI,168,https://limitlesstcg.com/cards/DRI/168,True,True,3,4,Alakazam | Beedrill | Rocket's Spidops | Decidueye,3 | 12 | 40 | 41,Alakazam:1 | Beedrill:1 | Rocket's Spidops:1 | Decidueye:1,ptcg::archetype::alakazam ptcg::archetype::beedrill ptcg::archetype::rocket_s_spidops ptcg::archetype::decidueye ptcg::meta::2026_06::top50 ptcg::meta::2026_06::top10,unresolved_print_locator,,,,
JTG-120,JTG,120,https://limitlesstcg.com/cards/JTG/120,True,True,3,9,Alakazam | Mega Lucario | Mega Greninja | Beedrill | Mega Lopunny | Archaludon | Decidueye | Mega Froslass | Palafin,3 | 7 | 8 | 12 | 16 | 25 | 41 | 42 | 46,Alakazam:3 | Mega Lucario:3 | Mega Greninja:2 | Beedrill:4 | Mega Lopunny:4 | Archaludon:3 | Decidueye:2 | Mega Froslass:2 | Palafin:2,ptcg::archetype::alakazam ptcg::archetype::mega_lucario ptcg::archetype::mega_greninja ptcg::archetype::beedrill ptcg::archetype::mega_lopunny ptcg::archetype::archaludon ptcg::archetype::decidueye ptcg::archetype::mega_froslass ptcg::archetype::palafin ptcg::meta::2026_06::top50 ptcg::meta::2026_06::top10,unresolved_print_locator,,,,
MEG-125,MEG,125,https://limitlesstcg.com/cards/MEG/125,True,True,3,10,Alakazam | Mega Greninja | Cynthia's Garchomp | Ethan's Typhlosion | Greninja | Marnie's Grimmsnarl | Steven's Metagross | Mega Diancie | Hydreigon | Mega Charizard X,3 | 8 | 17 | 19 | 20 | 24 | 26 | 27 | 49 | 50,Alakazam:3 | Mega Greninja:3 | Cynthia's Garchomp:1 | Ethan's Typhlosion:2 | Greninja:2 | Marnie's Grimmsnarl:2 | Steven's Metagross:3 | Mega Diancie:1 | Hydreigon:2 | Mega Charizard X:3,ptcg::archetype::alakazam ptcg::archetype::mega_greninja ptcg::archetype::cynthia_s_garchomp ptcg::archetype::ethan_s_typhlosion ptcg::archetype::greninja ptcg::archetype::marnie_s_grimmsnarl ptcg::archetype::steven_s_metagross ptcg::archetype::mega_diancie ptcg::archetype::hydreigon ptcg::archetype::mega_charizard_x ptcg::meta::2026_06::top50 ptcg::meta::2026_06::top10,unresolved_print_locator,,,,
MEG-54,MEG,54,https://limitlesstcg.com/cards/MEG/54,True,True,3,1,Alakazam,3,Alakazam:4,ptcg::archetype::alakazam ptcg::meta::2026_06::top50 ptcg::meta::2026_06::top10,unresolved_print_locator,,,,
MEG-55,MEG,55,https://limitlesstcg.com/cards/MEG/55,True,True,3,1,Alakazam,3,Alakazam:4,ptcg::archetype::alakazam ptcg::meta::2026_06::top50 ptcg::meta::2026_06::top10,unresolved_print_locator,,,,
MEG-56,MEG,56,https://limitlesstcg.com/cards/MEG/56,True,True,3,1,Alakazam,3,Alakazam:3,ptcg::archetype::alakazam ptcg::meta::2026_06::top50 ptcg::meta::2026_06::top10,unresolved_print_locator,,,,
POR-88,POR,88,https://limitlesstcg.com/cards/POR/88,True,True,3,6,Alakazam | Slowking | Hop's Trevenant | Lillie's Clefairy | Mega Diancie | Bronzong,3 | 6 | 18 | 21 | 27 | 44,Alakazam:4 | Slowking:4 | Hop's Trevenant:4 | Lillie's Clefairy:1 | Mega Diancie:4 | Bronzong:3,ptcg::archetype::alakazam ptcg::archetype::slowking ptcg::archetype::hop_s_trevenant ptcg::archetype::lillie_s_clefairy ptcg::archetype::mega_diancie ptcg::archetype::bronzong ptcg::meta::2026_06::top50 ptcg::meta::2026_06::top10,unresolved_print_locator,,,,
SFA-40,SFA,40,https://limitlesstcg.com/cards/SFA/40,True,True,3,2,Alakazam | Bloodmoon Ursaluna,3 | 37,Alakazam:1 | Bloodmoon Ursaluna:1,ptcg::archetype::alakazam ptcg::archetype::bloodmoon_ursaluna ptcg::meta::2026_06::top50 ptcg::meta::2026_06::top10,unresolved_print_locator,,,,
SSP-191,SSP,191,https://limitlesstcg.com/cards/SSP/191,True,True,3,2,Alakazam | Mega Lopunny,3 | 16,Alakazam:1 | Mega Lopunny:1,ptcg::archetype::alakazam ptcg::archetype::mega_lopunny ptcg::meta::2026_06::top50 ptcg::meta::2026_06::top10,unresolved_print_locator,,,,
SSP-87,SSP,87,https://limitlesstcg.com/cards/SSP/87,True,True,3,2,Alakazam | Sylveon,3 | 47,Alakazam:1 | Sylveon:1,ptcg::archetype::alakazam ptcg::archetype::sylveon ptcg::meta::2026_06::top50 ptcg::meta::2026_06::top10,unresolved_print_locator,,,,
TEF-129,TEF,129,https://limitlesstcg.com/cards/TEF/129,True,True,3,10,Alakazam | Mega Lucario | Mega Greninja | Beedrill | Mega Starmie | Mega Lopunny | Archaludon | Decidueye | Mega Froslass | Palafin,3 | 7 | 8 | 12 | 15 | 16 | 25 | 41 | 42 | 46,Alakazam:3 | Mega Lucario:2 | Mega Greninja:2 | Beedrill:3 | Mega Starmie:2 | Mega Lopunny:3 | Archaludon:3 | Decidueye:2 | Mega Froslass:2 | Palafin:2,ptcg::archetype::alakazam ptcg::archetype::mega_lucario ptcg::archetype::mega_greninja ptcg::archetype::beedrill ptcg::archetype::mega_starmie ptcg::archetype::mega_lopunny ptcg::archetype::archaludon ptcg::archetype::decidueye ptcg::archetype::mega_froslass ptcg::archetype::palafin ptcg::meta::2026_06::top50 ptcg::meta::2026_06::top10,unresolved_print_locator,,,,
TWM-148,TWM,148,https://limitlesstcg.com/cards/TWM/148,True,True,3,1,Alakazam,3,Alakazam:2,ptcg::archetype::alakazam ptcg::meta::2026_06::top50 ptcg::meta::2026_06::top10,unresolved_print_locator,,,,
TWM-158,TWM,158,https://limitlesstcg.com/cards/TWM/158,True,True,3,4,Alakazam | Slowking | Rocket's Mewtwo | Bronzong,3 | 6 | 14 | 44,Alakazam:1 | Slowking:1 | Rocket's Mewtwo:2 | Bronzong:1,ptcg::archetype::alakazam ptcg::archetype::slowking ptcg::archetype::rocket_s_mewtwo ptcg::archetype::bronzong ptcg::meta::2026_06::top50 ptcg::meta::2026_06::top10,unresolved_print_locator,,,,
WHT-84,WHT,84,https://limitlesstcg.com/cards/WHT/84,True,True,3,17,Alakazam | Mega Lucario | Mega Greninja | Crustle | Mega Starmie | Mega Lopunny | Cynthia's Garchomp | Greninja | Archaludon | Flareon | Doublade | Mega Froslass | Bronzong | Palafin | Sylveon | Froslass Munkidori | Hydreigon,3 | 7 | 8 | 11 | 15 | 16 | 17 | 20 | 25 | 33 | 34 | 42 | 44 | 46 | 47 | 48 | 49,Alakazam:3 | Mega Lucario:2 | Mega Greninja:3 | Crustle:2 | Mega Starmie:2 | Mega Lopunny:2 | Cynthia's Garchomp:2 | Greninja:3 | Archaludon:1 | Flareon:1 | Doublade:3 | Mega Froslass:2 | Bronzong:1 | Palafin:3 | Sylveon:1 | Froslass Munkidori:3 | Hydreigon:3,ptcg::archetype::alakazam ptcg::archetype::mega_lucario ptcg::archetype::mega_greninja ptcg::archetype::crustle ptcg::archetype::mega_starmie ptcg::archetype::mega_lopunny ptcg::archetype::cynthia_s_garchomp ptcg::archetype::greninja ptcg::archetype::archaludon ptcg::archetype::flareon ptcg::archetype::doublade ptcg::archetype::mega_froslass ptcg::archetype::bronzong ptcg::archetype::palafin ptcg::archetype::sylveon ptcg::archetype::froslass_munkidori ptcg::archetype::hydreigon ptcg::meta::2026_06::top50 ptcg::meta::2026_06::top10,unresolved_print_locator,,,,
ASC-136,ASC,136,https://limitlesstcg.com/cards/ASC/136,True,True,4,2,N's Zoroark | Eelektrik,4 | 36,N's Zoroark:4 | Eelektrik:1,ptcg::archetype::n_s_zoroark ptcg::archetype::eelektrik ptcg::meta::2026_06::top50 ptcg::meta::2026_06::top10,unresolved_print_locator,,,,
ASC-137,ASC,137,https://limitlesstcg.com/cards/ASC/137,True,True,4,2,N's Zoroark | Eelektrik,4 | 36,N's Zoroark:4 | Eelektrik:1,ptcg::archetype::n_s_zoroark ptcg::archetype::eelektrik ptcg::meta::2026_06::top50 ptcg::meta::2026_06::top10,unresolved_print_locator,,,,
ASC-155,ASC,155,https://limitlesstcg.com/cards/ASC/155,True,True,4,1,N's Zoroark,4,N's Zoroark:2,ptcg::archetype::n_s_zoroark ptcg::meta::2026_06::top50 ptcg::meta::2026_06::top10,unresolved_print_locator,,,,
ASC-195,ASC,195,https://limitlesstcg.com/cards/ASC/195,True,True,4,1,N's Zoroark,4,N's Zoroark:3,ptcg::archetype::n_s_zoroark ptcg::meta::2026_06::top50 ptcg::meta::2026_06::top10,unresolved_print_locator,,,,
ASC-32,ASC,32,https://limitlesstcg.com/cards/ASC/32,True,True,4,1,N's Zoroark,4,N's Zoroark:1,ptcg::archetype::n_s_zoroark ptcg::meta::2026_06::top50 ptcg::meta::2026_06::top10,unresolved_print_locator,,,,
ASC-33,ASC,33,https://limitlesstcg.com/cards/ASC/33,True,True,4,1,N's Zoroark,4,N's Zoroark:1,ptcg::archetype::n_s_zoroark ptcg::meta::2026_06::top50 ptcg::meta::2026_06::top10,unresolved_print_locator,,,,
CRI-83,CRI,83,https://limitlesstcg.com/cards/CRI/83,True,True,4,2,N's Zoroark | Mega Absol Box,4 | 32,N's Zoroark:4 | Mega Absol Box:4,ptcg::archetype::n_s_zoroark ptcg::archetype::mega_absol_box ptcg::meta::2026_06::top50 ptcg::meta::2026_06::top10,unresolved_print_locator,,,,
JTG-143,JTG,143,https://limitlesstcg.com/cards/JTG/143,True,True,4,5,N's Zoroark | Ethan's Typhlosion | Archaludon | Flareon | Palafin,4 | 19 | 25 | 33 | 46,N's Zoroark:1 | Ethan's Typhlosion:1 | Archaludon:1 | Flareon:1 | Palafin:1,ptcg::archetype::n_s_zoroark ptcg::archetype::ethan_s_typhlosion ptcg::archetype::archaludon ptcg::archetype::flareon ptcg::archetype::palafin ptcg::meta::2026_06::top50 ptcg::meta::2026_06::top10,unresolved_print_locator,,,,
JTG-152,JTG,152,https://limitlesstcg.com/cards/JTG/152,True,True,4,1,N's Zoroark,4,N's Zoroark:2,ptcg::archetype::n_s_zoroark ptcg::meta::2026_06::top50 ptcg::meta::2026_06::top10,unresolved_print_locator,,,,
JTG-157,JTG,157,https://limitlesstcg.com/cards/JTG/157,True,True,4,1,N's Zoroark,4,N's Zoroark:1,ptcg::archetype::n_s_zoroark ptcg::meta::2026_06::top50 ptcg::meta::2026_06::top10,unresolved_print_locator,,,,
MEG-88,MEG,88,https://limitlesstcg.com/cards/MEG/88,True,True,4,6,N's Zoroark | Basic Box | Marnie's Grimmsnarl | Mega Absol Box | Mega Sharpedo | Froslass Munkidori,4 | 9 | 24 | 32 | 39 | 48,N's Zoroark:1 | Basic Box:1 | Marnie's Grimmsnarl:1 | Mega Absol Box:2 | Mega Sharpedo:1 | Froslass Munkidori:1,ptcg::archetype::n_s_zoroark ptcg::archetype::basic_box ptcg::archetype::marnie_s_grimmsnarl ptcg::archetype::mega_absol_box ptcg::archetype::mega_sharpedo ptcg::archetype::froslass_munkidori ptcg::meta::2026_06::top50 ptcg::meta::2026_06::top10,unresolved_print_locator,,,,
PRE-95,PRE,95,https://limitlesstcg.com/cards/PRE/95,True,True,4,2,N's Zoroark | Mega Sharpedo,4 | 39,N's Zoroark:2 | Mega Sharpedo:2,ptcg::archetype::n_s_zoroark ptcg::archetype::mega_sharpedo ptcg::meta::2026_06::top50 ptcg::meta::2026_06::top10,unresolved_print_locator,,,,
SFA-39,SFA,39,https://limitlesstcg.com/cards/SFA/39,True,True,4,5,N's Zoroark | Basic Box | Mega Absol Box | Toxtricity | Mega Sharpedo,4 | 9 | 32 | 35 | 39,N's Zoroark:1 | Basic Box:1 | Mega Absol Box:1 | Toxtricity:1 | Mega Sharpedo:2,ptcg::archetype::n_s_zoroark ptcg::archetype::basic_box ptcg::archetype::mega_absol_box ptcg::archetype::toxtricity ptcg::archetype::mega_sharpedo ptcg::meta::2026_06::top50 ptcg::meta::2026_06::top10,unresolved_print_locator,,,,
SSP-170,SSP,170,https://limitlesstcg.com/cards/SSP/170,True,True,4,6,N's Zoroark | Raging Bolt | Basic Box | Lillie's Clefairy | Tera Box | Flareon,4 | 5 | 9 | 21 | 31 | 33,N's Zoroark:2 | Raging Bolt:2 | Basic Box:1 | Lillie's Clefairy:1 | Tera Box:1 | Flareon:1,ptcg::archetype::n_s_zoroark ptcg::archetype::raging_bolt ptcg::archetype::basic_box ptcg::archetype::lillie_s_clefairy ptcg::archetype::tera_box ptcg::archetype::flareon ptcg::meta::2026_06::top50 ptcg::meta::2026_06::top10,unresolved_print_locator,,,,
TWM-131,TWM,131,https://limitlesstcg.com/cards/TWM/131,True,True,4,3,N's Zoroark | Marnie's Grimmsnarl | Mega Sharpedo,4 | 24 | 39,N's Zoroark:1 | Marnie's Grimmsnarl:1 | Mega Sharpedo:2,ptcg::archetype::n_s_zoroark ptcg::archetype::marnie_s_grimmsnarl ptcg::archetype::mega_sharpedo ptcg::meta::2026_06::top50 ptcg::meta::2026_06::top10,unresolved_print_locator,,,,
TWM-163,TWM,163,https://limitlesstcg.com/cards/TWM/163,True,True,4,11,N's Zoroark | Slowking | Festival Lead | Hop's Trevenant | Ethan's Typhlosion | Marnie's Grimmsnarl | Mega Diancie | Toxtricity | Bloodmoon Ursaluna | Rocket's Spidops | Bronzong,4 | 6 | 13 | 18 | 19 | 24 | 27 | 35 | 37 | 40 | 44,N's Zoroark:1 | Slowking:1 | Festival Lead:1 | Hop's Trevenant:1 | Ethan's Typhlosion:1 | Marnie's Grimmsnarl:1 | Mega Diancie:1 | Toxtricity:1 | Bloodmoon Ursaluna:1 | Rocket's Spidops:1 | Bronzong:1,ptcg::archetype::n_s_zoroark ptcg::archetype::slowking ptcg::archetype::festival_lead ptcg::archetype::hop_s_trevenant ptcg::archetype::ethan_s_typhlosion ptcg::archetype::marnie_s_grimmsnarl ptcg::archetype::mega_diancie ptcg::archetype::toxtricity ptcg::archetype::bloodmoon_ursaluna ptcg::archetype::rocket_s_spidops ptcg::archetype::bronzong ptcg::meta::2026_06::top50 ptcg::meta::2026_06::top10,unresolved_print_locator,,,,
ASC-189,ASC,189,https://limitlesstcg.com/cards/ASC/189,True,True,5,4,Raging Bolt | Tera Box | Flareon | Hydreigon,5 | 31 | 33 | 49,Raging Bolt:2 | Tera Box:1 | Flareon:1 | Hydreigon:1,ptcg::archetype::raging_bolt ptcg::archetype::tera_box ptcg::archetype::flareon ptcg::archetype::hydreigon ptcg::meta::2026_06::top50 ptcg::meta::2026_06::top10,unresolved_print_locator,,,,
ASC-76,ASC,76,https://limitlesstcg.com/cards/ASC/76,True,True,5,15,Raging Bolt | Slowking | Basic Box | Rocket's Mewtwo | Hop's Trevenant | Lillie's Clefairy | Steven's Metagross | Mega Diancie | Kangaskhan Bouffalant | Tera Box | Flareon | Mega Manectric | Rocket's Spidops | Bronzong | Joltik Box,5 | 6 | 9 | 14 | 18 | 21 | 26 | 27 | 28 | 31 | 33 | 38 | 40 | 44 | 45,Raging Bolt:1 | Slowking:1 | Basic Box:2 | Rocket's Mewtwo:1 | Hop's Trevenant:1 | Lillie's Clefairy:4 | Steven's Metagross:2 | Mega Diancie:2 | Kangaskhan Bouffalant:1 | Tera Box:2 | Flareon:2 | Mega Manectric:1 | Rocket's Spidops:1 | Bronzong:1 | Joltik Box:2,ptcg::archetype::raging_bolt ptcg::archetype::slowking ptcg::archetype::basic_box ptcg::archetype::rocket_s_mewtwo ptcg::archetype::hop_s_trevenant ptcg::archetype::lillie_s_clefairy ptcg::archetype::steven_s_metagross ptcg::archetype::mega_diancie ptcg::archetype::kangaskhan_bouffalant ptcg::archetype::tera_box ptcg::archetype::flareon ptcg::archetype::mega_manectric ptcg::archetype::rocket_s_spidops ptcg::archetype::bronzong ptcg::archetype::joltik_box ptcg::meta::2026_06::top50 ptcg::meta::2026_06::top10,unresolved_print_locator,,,,
MEE-3,MEE,3,https://limitlesstcg.com/cards/MEE/3,True,True,5,17,Raging Bolt | Mega Greninja | Basic Box | Mega Starmie | Greninja | Lillie's Clefairy | Tera Box | Flareon | Eelektrik | Mega Manectric | Mega Froslass | Mega Abomasnow | Bronzong | Joltik Box | Palafin | Sylveon | Froslass Munkidori,5 | 8 | 9 | 15 | 20 | 21 | 31 | 33 | 36 | 38 | 42 | 43 | 44 | 45 | 46 | 47 | 48,Raging Bolt:1 | Mega Greninja:7 | Basic Box:1 | Mega Starmie:4 | Greninja:6 | Lillie's Clefairy:2 | Tera Box:1 | Flareon:2 | Eelektrik:5 | Mega Manectric:2 | Mega Froslass:4 | Mega Abomasnow:30 | Bronzong:2 | Joltik Box:2 | Palafin:4 | Sylveon:1 | Froslass Munkidori:3,ptcg::archetype::raging_bolt ptcg::archetype::mega_greninja ptcg::archetype::basic_box ptcg::archetype::mega_starmie ptcg::archetype::greninja ptcg::archetype::lillie_s_clefairy ptcg::archetype::tera_box ptcg::archetype::flareon ptcg::archetype::eelektrik ptcg::archetype::mega_manectric ptcg::archetype::mega_froslass ptcg::archetype::mega_abomasnow ptcg::archetype::bronzong ptcg::archetype::joltik_box ptcg::archetype::palafin ptcg::archetype::sylveon ptcg::archetype::froslass_munkidori ptcg::meta::2026_06::top50 ptcg::meta::2026_06::top10,unresolved_print_locator,,,,
MEE-4,MEE,4,https://limitlesstcg.com/cards/MEE/4,True,True,5,6,Raging Bolt | Tera Box | Flareon | Eelektrik | Mega Manectric | Joltik Box,5 | 31 | 33 | 36 | 38 | 45,Raging Bolt:2 | Tera Box:2 | Flareon:1 | Eelektrik:5 | Mega Manectric:5 | Joltik Box:4,ptcg::archetype::raging_bolt ptcg::archetype::tera_box ptcg::archetype::flareon ptcg::archetype::eelektrik ptcg::archetype::mega_manectric ptcg::archetype::joltik_box ptcg::meta::2026_06::top50 ptcg::meta::2026_06::top10,unresolved_print_locator,,,,
MEE-6,MEE,6,https://limitlesstcg.com/cards/MEE/6,True,True,5,9,Raging Bolt | Mega Lucario | Basic Box | Cynthia's Garchomp | Lillie's Clefairy | Ceruledge | Okidogi | Tera Box | Bloodmoon Ursaluna,5 | 7 | 9 | 17 | 21 | 23 | 29 | 31 | 37,Raging Bolt:2 | Mega Lucario:8 | Basic Box:1 | Cynthia's Garchomp:4 | Lillie's Clefairy:2 | Ceruledge:14 | Okidogi:9 | Tera Box:2 | Bloodmoon Ursaluna:7,ptcg::archetype::raging_bolt ptcg::archetype::mega_lucario ptcg::archetype::basic_box ptcg::archetype::cynthia_s_garchomp ptcg::archetype::lillie_s_clefairy ptcg::archetype::ceruledge ptcg::archetype::okidogi ptcg::archetype::tera_box ptcg::archetype::bloodmoon_ursaluna ptcg::meta::2026_06::top50 ptcg::meta::2026_06::top10,unresolved_print_locator,,,,
MEG-104,MEG,104,https://limitlesstcg.com/cards/MEG/104,True,True,5,9,Raging Bolt | Slowking | Basic Box | Crustle | Lillie's Clefairy | Kangaskhan Bouffalant | Mega Venusaur | Tera Box | Mega Absol Box,5 | 6 | 9 | 11 | 21 | 28 | 30 | 31 | 32,Raging Bolt:3 | Slowking:3 | Basic Box:4 | Crustle:4 | Lillie's Clefairy:4 | Kangaskhan Bouffalant:2 | Mega Venusaur:1 | Tera Box:2 | Mega Absol Box:2,ptcg::archetype::raging_bolt ptcg::archetype::slowking ptcg::archetype::basic_box ptcg::archetype::crustle ptcg::archetype::lillie_s_clefairy ptcg::archetype::kangaskhan_bouffalant ptcg::archetype::mega_venusaur ptcg::archetype::tera_box ptcg::archetype::mega_absol_box ptcg::meta::2026_06::top50 ptcg::meta::2026_06::top10,unresolved_print_locator,,,,
MEG-115,MEG,115,https://limitlesstcg.com/cards/MEG/115,True,True,5,11,Raging Bolt | Basic Box | Rocket's Mewtwo | Marnie's Grimmsnarl | Tera Box | Mega Absol Box | Flareon | Toxtricity | Bloodmoon Ursaluna | Rocket's Spidops | Hydreigon,5 | 9 | 14 | 24 | 31 | 32 | 33 | 35 | 37 | 40 | 49,Raging Bolt:4 | Basic Box:3 | Rocket's Mewtwo:1 | Marnie's Grimmsnarl:1 | Tera Box:2 | Mega Absol Box:1 | Flareon:1 | Toxtricity:2 | Bloodmoon Ursaluna:2 | Rocket's Spidops:1 | Hydreigon:1,ptcg::archetype::raging_bolt ptcg::archetype::basic_box ptcg::archetype::rocket_s_mewtwo ptcg::archetype::marnie_s_grimmsnarl ptcg::archetype::tera_box ptcg::archetype::mega_absol_box ptcg::archetype::flareon ptcg::archetype::toxtricity ptcg::archetype::bloodmoon_ursaluna ptcg::archetype::rocket_s_spidops ptcg::archetype::hydreigon ptcg::meta::2026_06::top50 ptcg::meta::2026_06::top10,unresolved_print_locator,,,,
SCR-131,SCR,131,https://limitlesstcg.com/cards/SCR/131,True,True,5,7,Raging Bolt | Basic Box | Lillie's Clefairy | Tera Box | Flareon | Joltik Box | Hydreigon,5 | 9 | 21 | 31 | 33 | 45 | 49,Raging Bolt:4 | Basic Box:4 | Lillie's Clefairy:4 | Tera Box:3 | Flareon:2 | Joltik Box:2 | Hydreigon:2,ptcg::archetype::raging_bolt ptcg::archetype::basic_box ptcg::archetype::lillie_s_clefairy ptcg::archetype::tera_box ptcg::archetype::flareon ptcg::archetype::joltik_box ptcg::archetype::hydreigon ptcg::meta::2026_06::top50 ptcg::meta::2026_06::top10,unresolved_print_locator,,,,
SSP-111,SSP,111,https://limitlesstcg.com/cards/SSP/111,True,True,5,2,Raging Bolt | Tera Box,5 | 31,Raging Bolt:1 | Tera Box:1,ptcg::archetype::raging_bolt ptcg::archetype::tera_box ptcg::meta::2026_06::top50 ptcg::meta::2026_06::top10,unresolved_print_locator,,,,
SSP-56,SSP,56,https://limitlesstcg.com/cards/SSP/56,True,True,5,5,Raging Bolt | Basic Box | Beedrill | Lillie's Clefairy | Tera Box,5 | 9 | 12 | 21 | 31,Raging Bolt:1 | Basic Box:1 | Beedrill:1 | Lillie's Clefairy:1 | Tera Box:1,ptcg::archetype::raging_bolt ptcg::archetype::basic_box ptcg::archetype::beedrill ptcg::archetype::lillie_s_clefairy ptcg::archetype::tera_box ptcg::meta::2026_06::top50 ptcg::meta::2026_06::top10,unresolved_print_locator,,,,
SSP-76,SSP,76,https://limitlesstcg.com/cards/SSP/76,True,True,5,14,Raging Bolt | Slowking | Basic Box | Greninja | Lillie's Clefairy | Steven's Metagross | Mega Diancie | Kangaskhan Bouffalant | Tera Box | Mega Absol Box | Flareon | Mega Manectric | Bronzong | Joltik Box,5 | 6 | 9 | 20 | 21 | 26 | 27 | 28 | 31 | 32 | 33 | 38 | 44 | 45,Raging Bolt:2 | Slowking:2 | Basic Box:2 | Greninja:1 | Lillie's Clefairy:3 | Steven's Metagross:1 | Mega Diancie:1 | Kangaskhan Bouffalant:2 | Tera Box:1 | Mega Absol Box:1 | Flareon:1 | Mega Manectric:2 | Bronzong:1 | Joltik Box:2,ptcg::archetype::raging_bolt ptcg::archetype::slowking ptcg::archetype::basic_box ptcg::archetype::greninja ptcg::archetype::lillie_s_clefairy ptcg::archetype::steven_s_metagross ptcg::archetype::mega_diancie ptcg::archetype::kangaskhan_bouffalant ptcg::archetype::tera_box ptcg::archetype::mega_absol_box ptcg::archetype::flareon ptcg::archetype::mega_manectric ptcg::archetype::bronzong ptcg::archetype::joltik_box ptcg::meta::2026_06::top50 ptcg::meta::2026_06::top10,unresolved_print_locator,,,,
TEF-123,TEF,123,https://limitlesstcg.com/cards/TEF/123,True,True,5,2,Raging Bolt | Tera Box,5 | 31,Raging Bolt:2 | Tera Box:1,ptcg::archetype::raging_bolt ptcg::archetype::tera_box ptcg::meta::2026_06::top50 ptcg::meta::2026_06::top10,unresolved_print_locator,,,,
TEF-145,TEF,145,https://limitlesstcg.com/cards/TEF/145,True,True,5,6,Raging Bolt | Slowking | Basic Box | Lillie's Clefairy | Kangaskhan Bouffalant | Okidogi,5 | 6 | 9 | 21 | 28 | 29,Raging Bolt:1 | Slowking:4 | Basic Box:1 | Lillie's Clefairy:2 | Kangaskhan Bouffalant:2 | Okidogi:1,ptcg::archetype::raging_bolt ptcg::archetype::slowking ptcg::archetype::basic_box ptcg::archetype::lillie_s_clefairy ptcg::archetype::kangaskhan_bouffalant ptcg::archetype::okidogi ptcg::meta::2026_06::top50 ptcg::meta::2026_06::top10,unresolved_print_locator,,,,
TEF-25,TEF,25,https://limitlesstcg.com/cards/TEF/25,True,True,5,3,Raging Bolt | Tera Box | Joltik Box,5 | 31 | 45,Raging Bolt:1 | Tera Box:1 | Joltik Box:1,ptcg::archetype::raging_bolt ptcg::archetype::tera_box ptcg::archetype::joltik_box ptcg::meta::2026_06::top50 ptcg::meta::2026_06::top10,unresolved_print_locator,,,,
TWM-64,TWM,64,https://limitlesstcg.com/cards/TWM/64,True,True,5,7,Raging Bolt | Basic Box | Lillie's Clefairy | Tera Box | Eelektrik | Mega Manectric | Joltik Box,5 | 9 | 21 | 31 | 36 | 38 | 45,Raging Bolt:1 | Basic Box:1 | Lillie's Clefairy:2 | Tera Box:1 | Eelektrik:1 | Mega Manectric:2 | Joltik Box:2,ptcg::archetype::raging_bolt ptcg::archetype::basic_box ptcg::archetype::lillie_s_clefairy ptcg::archetype::tera_box ptcg::archetype::eelektrik ptcg::archetype::mega_manectric ptcg::archetype::joltik_box ptcg::meta::2026_06::top50 ptcg::meta::2026_06::top10,unresolved_print_locator,,,,
CRI-61,CRI,61,https://limitlesstcg.com/cards/CRI/61,True,True,6,2,Slowking | Metagross,6 | 22,Slowking:2 | Metagross:2,ptcg::archetype::slowking ptcg::archetype::metagross ptcg::meta::2026_06::top50 ptcg::meta::2026_06::top10,unresolved_print_locator,,,,
DRI-78,DRI,78,https://limitlesstcg.com/cards/DRI/78,True,True,6,1,Slowking,6,Slowking:1,ptcg::archetype::slowking ptcg::meta::2026_06::top50 ptcg::meta::2026_06::top10,unresolved_print_locator,,,,
MEG-130,MEG,130,https://limitlesstcg.com/cards/MEG/130,True,True,6,11,Slowking | Crustle | Cynthia's Garchomp | Hop's Trevenant | Ethan's Typhlosion | Greninja | Mega Diancie | Kangaskhan Bouffalant | Bronzong | Palafin | Mega Charizard X,6 | 11 | 17 | 18 | 19 | 20 | 27 | 28 | 44 | 46 | 50,Slowking:1 | Crustle:1 | Cynthia's Garchomp:1 | Hop's Trevenant:1 | Ethan's Typhlosion:1 | Greninja:1 | Mega Diancie:1 | Kangaskhan Bouffalant:1 | Bronzong:1 | Palafin:2 | Mega Charizard X:1,ptcg::archetype::slowking ptcg::archetype::crustle ptcg::archetype::cynthia_s_garchomp ptcg::archetype::hop_s_trevenant ptcg::archetype::ethan_s_typhlosion ptcg::archetype::greninja ptcg::archetype::mega_diancie ptcg::archetype::kangaskhan_bouffalant ptcg::archetype::bronzong ptcg::archetype::palafin ptcg::archetype::mega_charizard_x ptcg::meta::2026_06::top50 ptcg::meta::2026_06::top10,unresolved_print_locator,,,,
PFL-94,PFL,94,https://limitlesstcg.com/cards/PFL/94,True,True,6,3,Slowking | Lillie's Clefairy | Mega Diancie,6 | 21 | 27,Slowking:3 | Lillie's Clefairy:3 | Mega Diancie:4,ptcg::archetype::slowking ptcg::archetype::lillie_s_clefairy ptcg::archetype::mega_diancie ptcg::meta::2026_06::top50 ptcg::meta::2026_06::top10,unresolved_print_locator,,,,
SCR-57,SCR,57,https://limitlesstcg.com/cards/SCR/57,True,True,6,1,Slowking,6,Slowking:4,ptcg::archetype::slowking ptcg::meta::2026_06::top50 ptcg::meta::2026_06::top10,unresolved_print_locator,,,,
SCR-58,SCR,58,https://limitlesstcg.com/cards/SCR/58,True,True,6,1,Slowking,6,Slowking:3,ptcg::archetype::slowking ptcg::meta::2026_06::top50 ptcg::meta::2026_06::top10,unresolved_print_locator,,,,
SFA-47,SFA,47,https://limitlesstcg.com/cards/SFA/47,True,True,6,1,Slowking,6,Slowking:2,ptcg::archetype::slowking ptcg::meta::2026_06::top50 ptcg::meta::2026_06::top10,unresolved_print_locator,,,,
SFA-54,SFA,54,https://limitlesstcg.com/cards/SFA/54,True,True,6,1,Slowking,6,Slowking:4,ptcg::archetype::slowking ptcg::meta::2026_06::top50 ptcg::meta::2026_06::top10,unresolved_print_locator,,,,
TWM-166,TWM,166,https://limitlesstcg.com/cards/TWM/166,True,True,6,1,Slowking,6,Slowking:3,ptcg::archetype::slowking ptcg::meta::2026_06::top50 ptcg::meta::2026_06::top10,unresolved_print_locator,,,,
WHT-80,WHT,80,https://limitlesstcg.com/cards/WHT/80,True,True,6,6,Slowking | Festival Lead | Ethan's Typhlosion | Metagross | Okidogi | Rocket's Spidops,6 | 13 | 19 | 22 | 29 | 40,Slowking:1 | Festival Lead:2 | Ethan's Typhlosion:2 | Metagross:1 | Okidogi:1 | Rocket's Spidops:2,ptcg::archetype::slowking ptcg::archetype::festival_lead ptcg::archetype::ethan_s_typhlosion ptcg::archetype::metagross ptcg::archetype::okidogi ptcg::archetype::rocket_s_spidops ptcg::meta::2026_06::top50 ptcg::meta::2026_06::top10,unresolved_print_locator,,,,
JTG-121,JTG,121,https://limitlesstcg.com/cards/JTG/121,True,True,7,4,Mega Lucario | Mega Greninja | Mega Lopunny | Palafin,7 | 8 | 16 | 46,Mega Lucario:1 | Mega Greninja:1 | Mega Lopunny:1 | Palafin:1,ptcg::archetype::mega_lucario ptcg::archetype::mega_greninja ptcg::archetype::mega_lopunny ptcg::archetype::palafin ptcg::meta::2026_06::top50 ptcg::meta::2026_06::top10,unresolved_print_locator,,,,
MEG-116,MEG,116,https://limitlesstcg.com/cards/MEG/116,True,True,7,5,Mega Lucario | Cynthia's Garchomp | Ceruledge | Okidogi | Bloodmoon Ursaluna,7 | 17 | 23 | 29 | 37,Mega Lucario:4 | Cynthia's Garchomp:3 | Ceruledge:4 | Okidogi:4 | Bloodmoon Ursaluna:4,ptcg::archetype::mega_lucario ptcg::archetype::cynthia_s_garchomp ptcg::archetype::ceruledge ptcg::archetype::okidogi ptcg::archetype::bloodmoon_ursaluna ptcg::meta::2026_06::top50 ptcg::meta::2026_06::top10,unresolved_print_locator,,,,
MEG-124,MEG,124,https://limitlesstcg.com/cards/MEG/124,True,True,7,3,Mega Lucario | Cynthia's Garchomp | Okidogi,7 | 17 | 29,Mega Lucario:4 | Cynthia's Garchomp:2 | Okidogi:1,ptcg::archetype::mega_lucario ptcg::archetype::cynthia_s_garchomp ptcg::archetype::okidogi ptcg::meta::2026_06::top50 ptcg::meta::2026_06::top10,unresolved_print_locator,,,,
MEG-74,MEG,74,https://limitlesstcg.com/cards/MEG/74,True,True,7,4,Mega Lucario | Ceruledge | Okidogi | Bloodmoon Ursaluna,7 | 23 | 29 | 37,Mega Lucario:2 | Ceruledge:2 | Okidogi:2 | Bloodmoon Ursaluna:2,ptcg::archetype::mega_lucario ptcg::archetype::ceruledge ptcg::archetype::okidogi ptcg::archetype::bloodmoon_ursaluna ptcg::meta::2026_06::top50 ptcg::meta::2026_06::top10,unresolved_print_locator,,,,
MEG-75,MEG,75,https://limitlesstcg.com/cards/MEG/75,True,True,7,4,Mega Lucario | Ceruledge | Okidogi | Bloodmoon Ursaluna,7 | 23 | 29 | 37,Mega Lucario:2 | Ceruledge:2 | Okidogi:3 | Bloodmoon Ursaluna:2,ptcg::archetype::mega_lucario ptcg::archetype::ceruledge ptcg::archetype::okidogi ptcg::archetype::bloodmoon_ursaluna ptcg::meta::2026_06::top50 ptcg::meta::2026_06::top10,unresolved_print_locator,,,,
MEG-76,MEG,76,https://limitlesstcg.com/cards/MEG/76,True,True,7,1,Mega Lucario,7,Mega Lucario:1,ptcg::archetype::mega_lucario ptcg::meta::2026_06::top50 ptcg::meta::2026_06::top10,unresolved_print_locator,,,,
MEG-77,MEG,77,https://limitlesstcg.com/cards/MEG/77,True,True,7,1,Mega Lucario,7,Mega Lucario:3,ptcg::archetype::mega_lucario ptcg::meta::2026_06::top50 ptcg::meta::2026_06::top10,unresolved_print_locator,,,,
POR-87,POR,87,https://limitlesstcg.com/cards/POR/87,True,True,7,2,Mega Lucario | Cynthia's Garchomp,7 | 17,Mega Lucario:4 | Cynthia's Garchomp:3,ptcg::archetype::mega_lucario ptcg::archetype::cynthia_s_garchomp ptcg::meta::2026_06::top50 ptcg::meta::2026_06::top10,unresolved_print_locator,,,,
PRE-50,PRE,50,https://limitlesstcg.com/cards/PRE/50,True,True,7,1,Mega Lucario,7,Mega Lucario:3,ptcg::archetype::mega_lucario ptcg::meta::2026_06::top50 ptcg::meta::2026_06::top10,unresolved_print_locator,,,,
SSP-177,SSP,177,https://limitlesstcg.com/cards/SSP/177,True,True,7,8,Mega Lucario | Ethan's Typhlosion | Metagross | Flareon | Mega Sharpedo | Mega Froslass | Joltik Box | Palafin,7 | 19 | 22 | 33 | 39 | 42 | 45 | 46,Mega Lucario:2 | Ethan's Typhlosion:1 | Metagross:1 | Flareon:1 | Mega Sharpedo:1 | Mega Froslass:1 | Joltik Box:1 | Palafin:1,ptcg::archetype::mega_lucario ptcg::archetype::ethan_s_typhlosion ptcg::archetype::metagross ptcg::archetype::flareon ptcg::archetype::mega_sharpedo ptcg::archetype::mega_froslass ptcg::archetype::joltik_box ptcg::archetype::palafin ptcg::meta::2026_06::top50 ptcg::meta::2026_06::top10,unresolved_print_locator,,,,
TWM-167,TWM,167,https://limitlesstcg.com/cards/TWM/167,True,True,7,3,Mega Lucario | Mega Starmie | Okidogi,7 | 15 | 29,Mega Lucario:1 | Mega Starmie:1 | Okidogi:1,ptcg::archetype::mega_lucario ptcg::archetype::mega_starmie ptcg::archetype::okidogi ptcg::meta::2026_06::top50 ptcg::meta::2026_06::top10,unresolved_print_locator,,,,
ASC-39,ASC,39,https://limitlesstcg.com/cards/ASC/39,True,True,8,8,Mega Greninja | Festival Lead | Mega Lopunny | Kangaskhan Bouffalant | Mega Absol Box | Bloodmoon Ursaluna | Sylveon | Mega Charizard X,8 | 13 | 16 | 28 | 32 | 37 | 47 | 50,Mega Greninja:1 | Festival Lead:1 | Mega Lopunny:1 | Kangaskhan Bouffalant:1 | Mega Absol Box:1 | Bloodmoon Ursaluna:1 | Sylveon:1 | Mega Charizard X:1,ptcg::archetype::mega_greninja ptcg::archetype::festival_lead ptcg::archetype::mega_lopunny ptcg::archetype::kangaskhan_bouffalant ptcg::archetype::mega_absol_box ptcg::archetype::bloodmoon_ursaluna ptcg::archetype::sylveon ptcg::archetype::mega_charizard_x ptcg::meta::2026_06::top50 ptcg::meta::2026_06::top10,unresolved_print_locator,,,,
CRI-20,CRI,20,https://limitlesstcg.com/cards/CRI/20,True,True,8,2,Mega Greninja | Greninja,8 | 20,Mega Greninja:4 | Greninja:3,ptcg::archetype::mega_greninja ptcg::archetype::greninja ptcg::meta::2026_06::top50 ptcg::meta::2026_06::top10,unresolved_print_locator,,,,
CRI-21,CRI,21,https://limitlesstcg.com/cards/CRI/21,True,True,8,2,Mega Greninja | Greninja,8 | 20,Mega Greninja:3 | Greninja:1,ptcg::archetype::mega_greninja ptcg::archetype::greninja ptcg::meta::2026_06::top50 ptcg::meta::2026_06::top10,unresolved_print_locator,,,,
CRI-22,CRI,22,https://limitlesstcg.com/cards/CRI/22,True,True,8,1,Mega Greninja,8,Mega Greninja:2,ptcg::archetype::mega_greninja ptcg::meta::2026_06::top50 ptcg::meta::2026_06::top10,unresolved_print_locator,,,,
CRI-76,CRI,76,https://limitlesstcg.com/cards/CRI/76,True,True,8,2,Mega Greninja | Joltik Box,8 | 45,Mega Greninja:1 | Joltik Box:1,ptcg::archetype::mega_greninja ptcg::archetype::joltik_box ptcg::meta::2026_06::top50 ptcg::meta::2026_06::top10,unresolved_print_locator,,,,
MEG-129,MEG,129,https://limitlesstcg.com/cards/MEG/129,True,True,8,3,Mega Greninja | Mega Abomasnow | Palafin,8 | 43 | 46,Mega Greninja:2 | Mega Abomasnow:2 | Palafin:3,ptcg::archetype::mega_greninja ptcg::archetype::mega_abomasnow ptcg::archetype::palafin ptcg::meta::2026_06::top50 ptcg::meta::2026_06::top10,unresolved_print_locator,,,,
SVI-171,SVI,171,https://limitlesstcg.com/cards/SVI/171,True,True,8,4,Mega Greninja | Tera Box | Bloodmoon Ursaluna | Mega Charizard X,8 | 31 | 37 | 50,Mega Greninja:1 | Tera Box:1 | Bloodmoon Ursaluna:2 | Mega Charizard X:2,ptcg::archetype::mega_greninja ptcg::archetype::tera_box ptcg::archetype::bloodmoon_ursaluna ptcg::archetype::mega_charizard_x ptcg::meta::2026_06::top50 ptcg::meta::2026_06::top10,unresolved_print_locator,,,,
TEF-162,TEF,162,https://limitlesstcg.com/cards/TEF/162,True,True,8,3,Mega Greninja | Cynthia's Garchomp | Hydreigon,8 | 17 | 49,Mega Greninja:1 | Cynthia's Garchomp:1 | Hydreigon:1,ptcg::archetype::mega_greninja ptcg::archetype::cynthia_s_garchomp ptcg::archetype::hydreigon ptcg::meta::2026_06::top50 ptcg::meta::2026_06::top10,unresolved_print_locator,,,,
TWM-106,TWM,106,https://limitlesstcg.com/cards/TWM/106,True,True,8,2,Mega Greninja | Greninja,8 | 20,Mega Greninja:2 | Greninja:2,ptcg::archetype::mega_greninja ptcg::archetype::greninja ptcg::meta::2026_06::top50 ptcg::meta::2026_06::top10,unresolved_print_locator,,,,
WHT-86,WHT,86,https://limitlesstcg.com/cards/WHT/86,True,True,8,6,Mega Greninja | Rocket's Honchkrow | Mega Starmie | Greninja | Doublade | Decidueye,8 | 10 | 15 | 20 | 34 | 41,Mega Greninja:2 | Rocket's Honchkrow:4 | Mega Starmie:1 | Greninja:3 | Doublade:4 | Decidueye:2,ptcg::archetype::mega_greninja ptcg::archetype::rocket_s_honchkrow ptcg::archetype::mega_starmie ptcg::archetype::greninja ptcg::archetype::doublade ptcg::archetype::decidueye ptcg::meta::2026_06::top50 ptcg::meta::2026_06::top10,unresolved_print_locator,,,,
ASC-121,ASC,121,https://limitlesstcg.com/cards/ASC/121,True,True,9,2,Basic Box | Lillie's Clefairy,9 | 21,Basic Box:1 | Lillie's Clefairy:1,ptcg::archetype::basic_box ptcg::archetype::lillie_s_clefairy ptcg::meta::2026_06::top50 ptcg::meta::2026_06::top10,unresolved_print_locator,,,,
ASC-216,ASC,216,https://limitlesstcg.com/cards/ASC/216,True,True,9,2,Basic Box | Okidogi,9 | 29,Basic Box:2 | Okidogi:4,ptcg::archetype::basic_box ptcg::archetype::okidogi ptcg::meta::2026_06::top50 ptcg::meta::2026_06::top10,unresolved_print_locator,,,,
JTG-146,JTG,146,https://limitlesstcg.com/cards/JTG/146,True,True,9,9,Basic Box | Metagross | Steven's Metagross | Kangaskhan Bouffalant | Tera Box | Mega Absol Box | Doublade | Mega Manectric | Joltik Box,9 | 22 | 26 | 28 | 31 | 32 | 34 | 38 | 45,Basic Box:1 | Metagross:2 | Steven's Metagross:3 | Kangaskhan Bouffalant:2 | Tera Box:1 | Mega Absol Box:1 | Doublade:3 | Mega Manectric:4 | Joltik Box:1,ptcg::archetype::basic_box ptcg::archetype::metagross ptcg::archetype::steven_s_metagross ptcg::archetype::kangaskhan_bouffalant ptcg::archetype::tera_box ptcg::archetype::mega_absol_box ptcg::archetype::doublade ptcg::archetype::mega_manectric ptcg::archetype::joltik_box ptcg::meta::2026_06::top50 ptcg::meta::2026_06::top10,unresolved_print_locator,,,,
PFL-14,PFL,14,https://limitlesstcg.com/cards/PFL/14,True,True,9,4,Basic Box | Mega Lopunny | Lillie's Clefairy | Mega Absol Box,9 | 16 | 21 | 32,Basic Box:1 | Mega Lopunny:1 | Lillie's Clefairy:1 | Mega Absol Box:1,ptcg::archetype::basic_box ptcg::archetype::mega_lopunny ptcg::archetype::lillie_s_clefairy ptcg::archetype::mega_absol_box ptcg::meta::2026_06::top50 ptcg::meta::2026_06::top10,unresolved_print_locator,,,,
TEF-152,TEF,152,https://limitlesstcg.com/cards/TEF/152,True,True,9,4,Basic Box | Crustle | Mega Abomasnow | Sylveon,9 | 11 | 43 | 47,Basic Box:1 | Crustle:1 | Mega Abomasnow:1 | Sylveon:1,ptcg::archetype::basic_box ptcg::archetype::crustle ptcg::archetype::mega_abomasnow ptcg::archetype::sylveon ptcg::meta::2026_06::top50 ptcg::meta::2026_06::top10,unresolved_print_locator,,,,
ASC-126,ASC,126,https://limitlesstcg.com/cards/ASC/126,True,True,10,1,Rocket's Honchkrow,10,Rocket's Honchkrow:4,ptcg::archetype::rocket_s_honchkrow ptcg::meta::2026_06::top50 ptcg::meta::2026_06::top10,unresolved_print_locator,,,,
ASC-127,ASC,127,https://limitlesstcg.com/cards/ASC/127,True,True,10,1,Rocket's Honchkrow,10,Rocket's Honchkrow:3,ptcg::archetype::rocket_s_honchkrow ptcg::meta::2026_06::top50 ptcg::meta::2026_06::top10,unresolved_print_locator,,,,
ASC-201,ASC,201,https://limitlesstcg.com/cards/ASC/201,True,True,10,2,Rocket's Honchkrow | Rocket's Spidops,10 | 40,Rocket's Honchkrow:4 | Rocket's Spidops:1,ptcg::archetype::rocket_s_honchkrow ptcg::archetype::rocket_s_spidops ptcg::meta::2026_06::top50 ptcg::meta::2026_06::top10,unresolved_print_locator,,,,
ASC-202,ASC,202,https://limitlesstcg.com/cards/ASC/202,True,True,10,3,Rocket's Honchkrow | Rocket's Mewtwo | Rocket's Spidops,10 | 14 | 40,Rocket's Honchkrow:4 | Rocket's Mewtwo:4 | Rocket's Spidops:3,ptcg::archetype::rocket_s_honchkrow ptcg::archetype::rocket_s_mewtwo ptcg::archetype::rocket_s_spidops ptcg::meta::2026_06::top50 ptcg::meta::2026_06::top10,unresolved_print_locator,,,,
ASC-203,ASC,203,https://limitlesstcg.com/cards/ASC/203,True,True,10,5,Rocket's Honchkrow | Crustle | Rocket's Mewtwo | Toxtricity | Rocket's Spidops,10 | 11 | 14 | 35 | 40,Rocket's Honchkrow:3 | Crustle:1 | Rocket's Mewtwo:1 | Toxtricity:1 | Rocket's Spidops:3,ptcg::archetype::rocket_s_honchkrow ptcg::archetype::crustle ptcg::archetype::rocket_s_mewtwo ptcg::archetype::toxtricity ptcg::archetype::rocket_s_spidops ptcg::meta::2026_06::top50 ptcg::meta::2026_06::top10,unresolved_print_locator,,,,
ASC-204,ASC,204,https://limitlesstcg.com/cards/ASC/204,True,True,10,3,Rocket's Honchkrow | Rocket's Mewtwo | Rocket's Spidops,10 | 14 | 40,Rocket's Honchkrow:4 | Rocket's Mewtwo:3 | Rocket's Spidops:3,ptcg::archetype::rocket_s_honchkrow ptcg::archetype::rocket_s_mewtwo ptcg::archetype::rocket_s_spidops ptcg::meta::2026_06::top50 ptcg::meta::2026_06::top10,unresolved_print_locator,,,,
ASC-207,ASC,207,https://limitlesstcg.com/cards/ASC/207,True,True,10,18,Rocket's Honchkrow | Crustle | Rocket's Mewtwo | Hop's Trevenant | Metagross | Marnie's Grimmsnarl | Steven's Metagross | Kangaskhan Bouffalant | Mega Venusaur | Mega Absol Box | Toxtricity | Bloodmoon Ursaluna | Mega Sharpedo | Rocket's Spidops | Mega Abomasnow | Joltik Box | Palafin | Sylveon,10 | 11 | 14 | 18 | 22 | 24 | 26 | 28 | 30 | 32 | 35 | 37 | 39 | 40 | 43 | 45 | 46 | 47,Rocket's Honchkrow:4 | Crustle:4 | Rocket's Mewtwo:1 | Hop's Trevenant:4 | Metagross:4 | Marnie's Grimmsnarl:4 | Steven's Metagross:3 | Kangaskhan Bouffalant:4 | Mega Venusaur:1 | Mega Absol Box:4 | Toxtricity:4 | Bloodmoon Ursaluna:1 | Mega Sharpedo:2 | Rocket's Spidops:1 | Mega Abomasnow:4 | Joltik Box:4 | Palafin:1 | Sylveon:3,ptcg::archetype::rocket_s_honchkrow ptcg::archetype::crustle ptcg::archetype::rocket_s_mewtwo ptcg::archetype::hop_s_trevenant ptcg::archetype::metagross ptcg::archetype::marnie_s_grimmsnarl ptcg::archetype::steven_s_metagross ptcg::archetype::kangaskhan_bouffalant ptcg::archetype::mega_venusaur ptcg::archetype::mega_absol_box ptcg::archetype::toxtricity ptcg::archetype::bloodmoon_ursaluna ptcg::archetype::mega_sharpedo ptcg::archetype::rocket_s_spidops ptcg::archetype::mega_abomasnow ptcg::archetype::joltik_box ptcg::archetype::palafin ptcg::archetype::sylveon ptcg::meta::2026_06::top50 ptcg::meta::2026_06::top10,unresolved_print_locator,,,,
ASC-208,ASC,208,https://limitlesstcg.com/cards/ASC/208,True,True,10,3,Rocket's Honchkrow | Rocket's Mewtwo | Rocket's Spidops,10 | 14 | 40,Rocket's Honchkrow:4 | Rocket's Mewtwo:2 | Rocket's Spidops:3,ptcg::archetype::rocket_s_honchkrow ptcg::archetype::rocket_s_mewtwo ptcg::archetype::rocket_s_spidops ptcg::meta::2026_06::top50 ptcg::meta::2026_06::top10,unresolved_print_locator,,,,
ASC-209,ASC,209,https://limitlesstcg.com/cards/ASC/209,True,True,10,7,Rocket's Honchkrow | Rocket's Mewtwo | Metagross | Kangaskhan Bouffalant | Mega Absol Box | Rocket's Spidops | Joltik Box,10 | 14 | 22 | 28 | 32 | 40 | 45,Rocket's Honchkrow:4 | Rocket's Mewtwo:4 | Metagross:4 | Kangaskhan Bouffalant:3 | Mega Absol Box:4 | Rocket's Spidops:4 | Joltik Box:1,ptcg::archetype::rocket_s_honchkrow ptcg::archetype::rocket_s_mewtwo ptcg::archetype::metagross ptcg::archetype::kangaskhan_bouffalant ptcg::archetype::mega_absol_box ptcg::archetype::rocket_s_spidops ptcg::archetype::joltik_box ptcg::meta::2026_06::top50 ptcg::meta::2026_06::top10,unresolved_print_locator,,,,
ASC-217,ASC,217,https://limitlesstcg.com/cards/ASC/217,True,True,10,3,Rocket's Honchkrow | Rocket's Mewtwo | Rocket's Spidops,10 | 14 | 40,Rocket's Honchkrow:4 | Rocket's Mewtwo:4 | Rocket's Spidops:4,ptcg::archetype::rocket_s_honchkrow ptcg::archetype::rocket_s_mewtwo ptcg::archetype::rocket_s_spidops ptcg::meta::2026_06::top50 ptcg::meta::2026_06::top10,unresolved_print_locator,,,,
DRI-153,DRI,153,https://limitlesstcg.com/cards/DRI/153,True,True,10,1,Rocket's Honchkrow,10,Rocket's Honchkrow:2,ptcg::archetype::rocket_s_honchkrow ptcg::meta::2026_06::top50 ptcg::meta::2026_06::top10,unresolved_print_locator,,,,
DRI-154,DRI,154,https://limitlesstcg.com/cards/DRI/154,True,True,10,1,Rocket's Honchkrow,10,Rocket's Honchkrow:1,ptcg::archetype::rocket_s_honchkrow ptcg::meta::2026_06::top50 ptcg::meta::2026_06::top10,unresolved_print_locator,,,,
DRI-51,DRI,51,https://limitlesstcg.com/cards/DRI/51,True,True,10,7,Rocket's Honchkrow | Rocket's Mewtwo | Metagross | Kangaskhan Bouffalant | Rocket's Spidops | Joltik Box | Sylveon,10 | 14 | 22 | 28 | 40 | 45 | 47,Rocket's Honchkrow:2 | Rocket's Mewtwo:2 | Metagross:1 | Kangaskhan Bouffalant:1 | Rocket's Spidops:2 | Joltik Box:1 | Sylveon:1,ptcg::archetype::rocket_s_honchkrow ptcg::archetype::rocket_s_mewtwo ptcg::archetype::metagross ptcg::archetype::kangaskhan_bouffalant ptcg::archetype::rocket_s_spidops ptcg::archetype::joltik_box ptcg::archetype::sylveon ptcg::meta::2026_06::top50 ptcg::meta::2026_06::top10,unresolved_print_locator,,,,
PRE-127,PRE,127,https://limitlesstcg.com/cards/PRE/127,True,True,10,1,Rocket's Honchkrow,10,Rocket's Honchkrow:4,ptcg::archetype::rocket_s_honchkrow ptcg::meta::2026_06::top50 ptcg::meta::2026_06::top10,unresolved_print_locator,,,,
SSP-183,SSP,183,https://limitlesstcg.com/cards/SSP/183,True,True,10,1,Rocket's Honchkrow,10,Rocket's Honchkrow:1,ptcg::archetype::rocket_s_honchkrow ptcg::meta::2026_06::top50 ptcg::meta::2026_06::top10,unresolved_print_locator,,,,
